keyword,number
财务,6156
纠淼,5393
沙盘,4373
模拟,4248
课程,6111
背景,5666
一位,12
管理,5315
技术人员,3415
懂得,3259
技术,3414
角度,5929
衡量,5853
方案,3809
也许,496
却是,1583
陷阱,6730
表面,5868
赢利,6233
亏损,554
经营者,5451
接受,3566
运作,6373
相结合,5010
每位,4298
老板,5588
思考,3155
规避,5923
管理决策,5319
目标,4988
一致性,103
案例,4217
分析,1269
企业,741
财务管理,6163
知识,5074
利用,1323
信息,923
改进,3681
效益,3708
最大化,3985
学习,2460
会计,791
提高,3610
日常,3860
活动,4437
可行性,1760
业绩,316
评价,6026
方法,3812
评估,6027
实施,2549
科学,5167
业绩考核,317
墓芾,2153
思维,3154
同步,1816
关键,1122
指标,3521
战略规划,3309
预算,6838
重心,6589
系统性,5374
大纲,2284
工作,2738
内容,1146
作用,863
财务会计,6159
专家,285
模式,4247
管理者,5330
决策,1192
阅读,6680
财务报表,6161
会计报表,793
资产,6204
资金,6219
流量,4456
之间,484
关系,1120
读懂,6104
状况,4724
报表,3459
判断,1320
水平,4335
手段,3347
成本,3275
控制,3578
产品成本,599
概念,4239
标准,4184
制度,1337
成本法,3276
保证,910
利润,1322
作业,857
精细,5357
正确,4275
改善,3678
采购,6579
生产,4810
环节,4763
整体,3754
财务状况,6162
综合,5490
产品开发,598
产品,595
设备,6006
改造,3682
更新,3969
投资,3433
项目,6816
现金流,4779
时间,3900
价值,725
演练,4592
公司,1076
费用,6203
影响,3056
因素,2013
中心,399
数据分析,3742
绩效,5480
公司财务,1081
核心,4207
思路,3156
解析,5937
盈利,4972
能力,5675
回报率,2003
流动,4447
风险,6873
指数,3519
负债,6149
权益,4111
比率,4315
营运,5811
解读,5939
透视,6480
上市公司,172
运营,6377
经营,5450
教学,3714
小组,2681
销售,6628
过程,6370
乐趣,490
讲师,5991
学员,2467
分享,1258
解决问题,5936
模型,4246
工具,2746
转化,6313
导师,2642
简介,5305
工程硕士,2761
高级,6955
炯檬,4624
国际,2047
职业,5611
培训师,2129
协会,1515
认证,5975
历任,1590
跨国公司,6284
负责人,6153
工业,2736
工程,2758
经理,5446
分析师,1270
总监,3174
职务,5619
多年,2233
担任,3471
杂志,4106
审稿人,2570
辽宁省,6358
营口市,5810
商业银行,1928
独立,4735
董事,5820
研究,5092
王老师,4749
讲授,5993
松下,4149
可口可乐,1746
康师傅,2928
汇源,4352
果汁,4166
雪津,6759
啤酒,1959
吉百利,1807
食品,6882
冠捷,1181
电子,4865
明达,3911
塑胶,2146
正新,4273
橡胶,4253
美国,5556
集团,6752
广上,2875
科技,5171
美的,5564
空调,5222
中兴通讯,368
京信,608
通信,6485
联想,5631
电脑,4890
材料,4121
中国,374
艾克森,5747
金山,6600
石化,5084
化工,1444
进出口,6417
正大,4269
大福,2283
饲料,6894
厦华,1614
灿坤,4621
股份,5652
东金,327
太原,2319
钢铁集团,6617
深圳,4515
开发,2963
大冷,2257
运输,6381
制冷,1334
三洋,158
华强,1503
知名企业,5072
提供,3595
辅导,6342
专题,298
培训,2127
授课,3553
风格,6870
幽默诙谐,2874
逻辑,6506
清晰,4537
互动,557
生动,4818
深受,4514
喜爱,1967
地点,2097
周六日,1879
上海,176
元人,996
包含,1434
午餐,1484
证书,6017
资料,6206
优惠,765
三人,150
参加,1622
赠送,6231
名额,1835
联系人,5636
电话传真,4899
故事,3701
领导,6847
回到,1990
家乡,2592
儿子,992
感情,3244
孙子,2454
弟弟,3007
考察,5594
过年,6363
出国,1241
爷爷,4676
教育,3724
一家人,47
顺便,6819
电影,4879
北京,1447
介绍,676
对象,2634
相亲,5000
女方,2374
军队,1174
医院,1466
护士,3445
回忆,1998
男友,4907
好像,2384
男方,4915
理解,4797
尊敬,2653
财务经理,6164
您好,3195
实业,2536
有限公司,4032
广州,2890
东莞,323
省市,5014
分公司,1260
我司,3287
社会关系,5123
实力,2540
每月,4305
进项,6427
多出,2224
项少,6815
现有,4773
一部分,114
发票,1683
对外,2628
代开,698
税率,5209
增值税,2155
国税,2042
地税,2099
广告,2880
普通发票,3944
税点,5208
数目,3748
大小,2272
希望,2803
商家,1944
来电,4141
商谈,1954
合作,1786
郑重,6551
承诺,3412
所用,3333
票据,5144
税务局,5202
验证,6922
抵扣,3467
进一步,6414
电话,4898
小时,2674
服务,4035
信箱,936
海南,4477
顺祝,6825
商祺,1952
深圳市,4517
华龙,1514
多家,2231
委托,2423
向外,1850
低点,833
普通商品,3945
销售税,6629
等票,5286
数量,3752
额度,6863
商讨,1953
点数,4628
真票,5047
可验证,1766
付款,692
长期有效,6653
洽商,4442
请电,6093
开发票,2967
这是,6403
一封,50
格式,4212
信件,915
网络电话,5534
长途,6659
市话,2791
最快,3988
论坛,6002
邮址,6533
搜索,3615
邮件,6530
群发,5572
信群发,937
朋友,4034
赚钱,6227
下载,203
文字,3767
实在,2543
兴趣,1129
美金,5568
美元,5554
宽带,2613
浪费,4471
真的,5045
声明,2166
一点,81
有钱,4029
天下,2298
努力,1425
宣传,2585
不行,255
网上,5512
用心,4845
一个月,5
之内,477
赚元,6222
推荐,3588
适合,6467
上网,186
机会,4087
无聊,3840
整天,3757
电脑前,4891
注册,4417
网站,5525
显示器,3935
实践,2557
信誉,938
报道,3461
耐心,5603
明白,3908
网友,5518
收款,3668
认可,5970
不需,264
代价,695
开通,2989
连接,6435
蓝色,5825
部份,6553
浏览器,4464
即可,1579
界面,4920
那种,6529
忙碌,3126
条件,4127
损失,3544
试试,6047
网络,5527
小说,2683
事情,536
家里,2608
补贴,5858
网吧,5519
生意,4822
赶紧,6246
正式,4271
付费,694
后悔,1840
买房,510
手机,3342
赚点,6226
信心,921
几年,1220
听说,1859
挣钱,3536
挣到,3534
免费,1030
广告商,2883
国外,2033
早就,3879
流行,4454
反正,1650
自已,5700
不去,217
身份,6296
外人,2190
身份证,6297
号码,1771
手机号码,3344
信用卡,934
有个,4003
姓名,2419
地址,2090
申请,4855
会员,785
不到,216
吃亏,1773
影子,3058
无所谓,3829
第三个,5265
人民币,653
银行,6624
手续费,3350
做梦,971
东东,318
想要,3224
总算,3176
搞定,3619
数码相机,3751
兴奋,1128
三个,148
一张,55
离不开,5155
真诚地,5049
屏幕,2710
空间,5225
汇款,4351
没错,4386
简单,5308
一家,46
冲浪,1189
接收,3571
发送,1698
报酬,3462
发展,1661
下线,201
获利,5797
假设,961
平均,2836
收入,3658
毅力,4294
传销,817
广告公司,2882
上线,185
工资,2767
经历,5440
国内,2028
收取,3662
广告条,2885
付出,691
劳动,1427
平时,2843
玩游戏,4752
游戏,4563
公司简介,1080
互联网,560
实力雄厚,2541
合并,1794
支持,3651
用户,4846
最小,3986
金额,6609
月底,3999
结算,5463
完毕,2505
可靠,1764
投诉,3432
运行,6379
厘米,1599
高度,6937
好处,2390
在线,2078
计数,5953
例子,875
理论,4798
数据,3741
有没有,4023
建立,2941
网是,5523
一笔,90
进帐,6421
一层,51
四层,1979
点击,4625
是因为,3931
服务器,4041
页面,6812
英文,5776
拼音,3497
填写,2149
中文,401
真实,5038
收不到,3657
支票,3655
可惜,1752
用户名,4847
数字,3737
密码,2620
重复,6586
输入,6347
名字,1826
包括,1437
城市,2122
邮编,6542
居住,2706
国籍,2044
收到,3660
电子邮箱,4877
一遍,111
邮箱,6540
专用,289
年龄,2865
性别,3158
男女,4909
程度,5197
年收入,2857
中英文,418
翻译,5574
原则,1603
喜欢,1966
外国人,2198
几个,1208
上海市,178
广州市,2891
道理,6511
符合,5254
随便,6731
垃圾邮件,2119
购买,6189
特价,4709
商品,1938
最低,3976
支付,3649
数额,3753
最少,3987
自然,5706
修改,944
小弟,2671
丝毫,329
帐户,2808
意义,3229
自动,5693
黄金会员,6985
老外,5578
改成,3679
精心,5352
收集,3675
无人,3821
值班,955
软件,6326
邮件地址,6531
发邮件,1701
告诉,1871
日期,3865
查证,4176
必需,3120
代表,705
同意,1815
协议,1522
按钮,3529
几分钟,1211
发送到,1699
在内,2072
步骤,4284
交流,581
变更,1720
我要,3299
提醒,3608
时会,3889
确认,5112
链接,6627
麻烦,6979
安装,2493
名为,1822
文件,3761
途径,6483
三种,159
访问,6016
找到,3405
字样,2448
两种,346
硬盘,5107
目录,4987
技巧,3413
单独,1536
文件夹,3762
有利于,4008
日后,3857
举例,468
刚刚,1297
系统,5371
辅助,6341
结束,5460
桌面,4220
绿色,5495
图标,2062
成功,3266
提示,3605
一会儿,11
鼠标,6997
区域,1459
左边,2769
小人,2657
走动,6237
任务栏,731
红色,5396
符号,5253
恭喜,3190
第一个,5256
第二个,5271
人数,646
停止,979
积分,5187
主页,464
显示,3934
所得,3330
计费,5960
不用,247
打开,3368
计算机,5956
每隔,4308
一段时间,79
坐下,2110
时请,3899
走进,6243
回去,1991
超过,6264
选择,6473
登录,4951
指定,3514
站点,5238
点此,4629
错过,6639
表单,5859
建议,2950
查找,4174
状态,4725
锁定,6633
公式,1090
两个,331
计算器,5955
自带,5701
永不,4341
增加,2156
特别,4710
兑换,1034
提升,3600
级别,5400
六个,1097
承认,3411
可怜,1750
感觉,3250
多媒体,2230
示例,5115
详细,6066
讲述,5999
浏览,4463
亚洲,570
交友,571
称为,5191
记录,5986
任意,734
错误,6638
登陆,4953
帐号,2807
邮箱地址,6541
有人,4005
星期,3919
期间,4059
这样的话,6404
得不到,3082
杀手,4104
世界各地,301
这类,6408
英国,5772
加拿大,1399
居民,2708
表格,5862
数据库,3744
肯定,5660
个个,349
解决,5934
完全免费,2500
仔细,687
没什么,4378
经验,5455
标题,4191
问问,6673
地方,2095
当月,3037
下个月,192
提到,3598
准确,1199
情况,3202
补充,5856
初期,1314
至少,5716
细心,5429
原因,1605
放弃,3689
一次性,74
账户,6178
反馈,1652
月初,3997
查看,4175
账号,6177
有待,4014
消失,4493
累计,5390
积累,5189
奖励,2352
每次,4306
有种,4025
分钟,1280
增长,2159
黄金,6984
伙伴,778
好事,2382
多点,2237
扣除,3385
证实,6022
回报,2002
过度,6364
作弊,862
同一个,1808
不许,258
休息,755
事半功倍,531
每分钟,4299
一组,98
精确,5355
现金,4777
足够,6272
中国银行,382
托收,3382
招商银行,3480
开个,2955
查询,4177
换成,3550
删除,1318
开机,2981
窗口,5230
办法,1383
客户,2575
点击率,4626
带来,2814
透明,6479
第一次,5261
执行,3387
四个,1976
怎么回事,3148
很大,3070
方式,3808
信号,919
周期,1886
节省,5753
默认,6992
担心,3472
恢复,3189
输入您,6348
数值,3734
上个月,163
查阅,4178
好几个,2385
没关系,4379
详细情况,6068
原理,1611
定时,2525
保护,906
程序,5195
电源,4885
关闭,1126
快速,3138
启动,1860
设置,6012
中将,392
几种,1226
发贴,1693
电子邮件,4876
网页,5543
编辑,5502
代码,704
调整,6121
请点此,6092
个人主页,350
二级域名,553
聊天室,5608
邀请,6519
解答,5938
创造,1308
无限,3847
力量,1375
有限,4031
想想,3220
想到,3218
别忘了,1327
一声,39
务必,1411
保存,902
指导,3515
操作,3642
至此,5717
拥有,3489
计算,5954
很快,3074
累积,5389
还会,6387
额外,6862
挖掘,3533
心得,3101
在家,2074
辛苦,6351
删掉,1317
大幅度,2274
骗子,6926
文章,3776
一篇,91
陈列,6707
所说,3334
再也,1158
不知,249
五个,562
那位,6523
只不过,1737
半小时,1490
点点,4630
功夫,1388
很难,3079
不错,263
付给,693
一分钱,20
发现,1678
危险,1578
大陆,2296
帖子,2809
发信,1654
回事,1987
奇怪,2344
解释,5940
转换,6319
着想,5060
记住,5985
变动,1715
注意事项,4422
栏目,4192
上次,175
聊天,5607
月份,3996
几千元,1215
国家,2034
地区,2087
两家,339
导致,2644
轻轻松松,6337
注册费,4419
春洋,3924
贸易,6201
互惠互利,558
优势,761
社会,5122
各界人士,1780
认同,5971
因本,2012
要冲,5895
海关,4475
代征,700
缴款,5506
信誉第一,939
洽谈,4443
李生,4119
咨询,1896
理由,4796
生活,4828
结婚,5458
传统,811
家庭,2600
责任感,6174
事儿,525
感动,3241
谢谢您,6139
大部分,2292
第三者,5268
厚道,1601
不想,238
在场,2073
打电话,3375
财产,6155
旁边,3815
如果说,2404
房子,3320
家电,2607
第二次,5273
有意,4016
婚前,2429
同居,1811
父母,4675
伟仕嘉,798
兴办,1127
物资,4706
供销,884
多销,2242
不平,233
数理,3745
业务,307
全国,1045
通用,6489
收费,3674
建筑安装,2946
成立,3279
信用,933
所开,3329
代办,696
到位,1328
如贵,2405
愚感,3237
深切,4510
期望,4056
厂家,1586
鼎力支持,6994
梁先生,4224
业务经理,312
商贸,1955
阁下,6679
香港,6908
图片,2063
景点,3949
域名,2124
真诚,5048
为您服务,439
责任,6172
当初,3032
拿出,3498
爱心,4669
交待,573
激活,4610
手机号,3343
外地,2199
全过程,1063
长大,6645
孩子,2481
现实,4768
反对,1646
经济,5442
男孩子,4913
不负责任,261
表现,5864
首页,6905
新闻,3802
评论,6033
商情,1946
硬件,5105
数码,3749
评测,6032
无线,3837
社区,5125
色友,5740
精彩,5351
收录,3665
各大,1778
自动更新,5695
功能,1392
分类,1274
版本,4685
多余,2221
外代,2191
开国,2970
厂有,1588
请来,6089
联系电话,5639
罗先生,5545
谢谢,6137
新型,3789
遥控,6514
飞机,6880
销路,6631
玩具,4750
微型,3088
开关,2957
空中,5218
一种,89
原料,1607
豪华型,6146
电池,4884
更换,3967
飞行,6881
夜晚,2244
更是,3970
迷人,6444
来信,4133
学校,2473
公园,1083
单位,1528
常年,2819
邮购,6543
电机,4880
售价,1919
全套,1048
成品,3273
一把,61
模具,4244
一套,45
长久,6643
另因,1733
合作项目,1791
自动化,5694
电邮,4904
更好,3966
事宜,533
好利通,2386
合作部,1790
网址,5520
人才网,645
人才,642
求职,4346
招聘,3484
等市,5284
较多现,6338
销售额,6630
贵司,6196
如贵司,2406
真伪,5036
疑虑,4931
核对,4206
永久,4342
详情请,6065
热线,4643
李先生,4113
商务,1931
先锋,1016
友情,1632
制作,1333
业务联系,313
精品,5349
公开,1088
咨询电话,1900
车间,6311
管理人员,5317
八项,1069
修炼,945
效率,3706
苏州,5765
供应商,877
降低,6716
绿带,5493
资格,6211
战略,3306
研修班,5089
人员,630
永远的痛,4345
降价,6715
库存,2902
越来越,6268
批量,3401
怨声载道,3165
原材料,1609
价格,728
上涨,180
富有,2623
挑战,3531
对本,2630
发展趋势,1663
组织,5424
流程,4451
设定,6007
完善,2502
管理体系,5318
谈判,6130
最佳,3978
策略,5294
确保,5108
高质量,6960
高效率,6941
低成本,832
供货,881
保持良好,907
战略伙伴,3307
理念,4792
设计,6013
指导思想,3517
供应链,878
条款,4130
合理化,1800
要素,5897
报价,3448
三方,155
制定,1336
市场,2781
定位,2519
走向,6239
卖方,1542
心理,3110
买卖双方,508
优劣,760
进行谈判,6424
上级,184
权限,4112
议价,5983
规则,5916
事项,539
买方,512
占优势,1557
时应,3894
采用,6577
何种,851
需求,6768
体系,845
商业,1925
质量体系,6186
构建,4158
考评,5598
服务质量,4043
审核,2568
批量生产,3402
定期,2526
等级,5287
划分,1288
双赢,1641
之交期,476
品质,1906
策略性,5295
伙伴关系,779
单一,1526
研讨,5099
绩效考核,5481
淘滩,4508
效能,3709
杜绝,4125
无效,3830
问题解答,6674
易腾,3916
顾问,6830
高级顾问,6956
专业课程,277
物流,4701
供应,876
澳大利亚,4602
大学,2268
中国区,375
老师,5586
外资企业,2211
领域,6846
十多年,1474
实际操作,2561
行业,5845
多项,2243
主题,465
精心设计,5353
各类,1783
华为,1493
富士,2622
顺德,6823
油田,4394
万达,145
铝业,6623
福田,5153
步步高,4283
西安,5885
家乐福,2591
林德,4163
叉车,1629
报名,3451
教材,3720
茶点,5786
一名,33
传真机,809
总经理,3178
清华大学,4533
博士后,1552
研发,5091
团队,2018
历时,1593
三年,154
管理软件,5332
传真,807
收发,3661
进出,6416
耗材,5604
关机,1117
无须,3850
一份,9
发给,1684
多个,2218
高速,6963
高达,6962
日志,3861
传真号码,808
多种,2238
转发,6314
打印,3362
盖章,4981
签字,5300
语音,6073
人工,638
接听,3568
给出,5467
留言,4929
接电话,3572
异地,2995
提取,3601
可用,1756
一部,113
电话机,4901
无需,3848
到达,1332
保密,905
吸收,1867
优点,770
习惯,498
一看,87
局域网,2701
共享,1107
一台,30
分发,1261
附件,6704
形式,3046
内部,1156
海淀,4487
中关村,366
抱歉,3466
随手,6733
自由,5708
充满,1011
享受,605
工厂,2748
你好,868
代理,702
税额,5211
国税发,2043
收缴,3670
税收,5204
票为,5138
建筑,2944
服务行业,4042
外商,2195
税务,5200
部门,6557
抵税,3469
等于,5282
纳税,5408
开出,2959
低请,834
放心,3690
正当,4272
手续,3349
如有,2403
希要,2804
主管人员,457
先验,1017
票后,5141
期待,4055
协恒,1521
张永辉,3011
视频,5927
优化,762
音频,6810
熟悉,4659
人品,631
作出,858
招收,3481
学生,2474
优秀,771
简历,5309
神奇,5131
学会,2462
之二,475
英语,5780
朗读,4052
之三,471
小孩,2665
老人,5576
打不出,3356
全球,1054
天然,2316
字库,2447
生成,4824
词组,6040
人性化,640
双语,1640
打字,3366
发音,1702
英汉,5778
校对,4199
复读,2188
人士,633
智能化,3954
超级,6261
智能,3953
再生,1160
万能,143
应有尽有,2910
直观,4996
专业化,270
混读,4528
彩虹,3053
输入法,6349
效果,3705
终生,5436
最新,3989
潮流,4601
标准版,4186
每套,4302
达套,6359
以上者,711
系列产品,5370
元套,1001
光盘,1023
天生,2317
只能,1741
打个,3357
汉字,4358
打出,3358
邮局,6535
电子商务,4870
回信,1989
沈阳,4371
会议,794
准时,1198
现将,4770
通知,6490
我国,3289
管道,5333
研究会,5093
建筑材料,2948
专业,267
委员会,2421
主任,443
规划,5915
回顾,2009
专家组,286
组长,5426
施工,3814
近期,6383
商务网,1935
总裁,3180
检测,4228
山东,2726
建筑工程,2947
有限责任,4033
缺陷,5511
新一代,3780
地下,2082
数字化,3738
加工,1396
塑料,2145
年月日,2858
报到,3450
玫瑰,4754
大酒店,2293
会场,788
会务,783
拨打,3492
交通,590
火车,4616
参会,1621
会务费,784
住房,838
自理,5707
紧张,5385
提前,3599
预订,6841
主办单位,445
商品销售,1940
票均,5142
可贵,1763
查验,4179
节约,5755
祝贵,5129
生意兴隆,4823
蓬勃发展,5826
蒸蒸日上,5823
刘先生,1294
原谅,1613
冒昧,1163
打扰,3369
对此,2631
不便,211
深感,4522
歉意,4267
南山区,1546
著名,5818
便利,889
九十年代,493
员工,1872
面积,6796
宿舍,2615
各项,1785
管理制度,5320
服装,4048
熟练,4660
稳定,5213
专职,293
世界,300
系列,5369
品牌,1903
旗下,3819
位于,826
高雅,6966
成熟,3278
女性,2373
休闲,756
时尚,3892
经典,5439
用于,4839
纯天然,5404
面料,6795
手法,3348
展现,2721
气质,4332
规格,5918
比例,4309
出口,1235
韩国,6806
日本,3866
意大利,3233
等国,5283
质量,6185
一流,80
国内外,2029
赢得,6235
声誉,2168
参考,1626
联系方式,5638
容量,2611
照片,4656
款式,4266
回复,1993
设有,6010
交通运输,591
租凭,5180
诚信,6050
立足于,5236
商场,1941
中本,407
有任,4006
热线联系,4645
鼓励,6996
姐姐,2416
女生,2376
男生,4917
分手,1265
发短信,1682
消息,4494
本来,4075
约定,5398
最终,3993
那天,6525
见到,5902
昨天,3926
寻找,2637
说好,6080
好好,2393
找个,3403
老公,5577
过日子,6366
忘记,3124
方向,3807
华雄,1513
度为,2920
垂询,2117
财税,6170
咨询服务,1898
余额,854
可为,1743
广告业,2881
专用发票,290
增值,2154
此项,4282
来电来函,4142
宗旨,2512
发布,1665
供求信息,880
自助,5696
商店,1945
名录,1828
提出,3597
疑难问题,4934
资深,6213
相关,5001
满意,4580
热爱,4642
百忙之中,4965
惊喜,3210
工作室,2741
代发,697
系统集成,5376
大全,2256
头痛,2342
撰写,3639
整理,3760
而成,5602
数百家,3747
涵盖,4506
总计,3181
绝密,5472
文档,3772
保障,913
无论是,3842
模板,4249
轻易,6334
足以,6271
同事,1809
实战,2546
技能,3420
加薪,1408
武器,4286
轻松,6335
海洋,4485
神州数码,5133
知名,5071
培训资料,2134
中文版,402
超值,6254
西路,5891
送货上门,6466
定价,2518
发货,1692
你们好,866
善意,1961
请原谅,6087
开票,2983
安全可靠,2485
可经,1758
谢谢合作,6138
财务部,6165
推出,3583
环保型,4756
蟑螂,5843
捕捉,3541
骚扰,6927
人类,657
传播,804
疾病,4942
危害,1576
身心健康,6301
消灭,4496
分为,1257
化学,1443
物理,4702
较大,6339
人体,623
环境,4757
损害,3545
理想,4794
研制,5090
习性,497
颜色,6861
反复,1645
实验,2563
成虫,3281
起到,6247
填补,2150
空白,5220
性能,3163
一对,48
二年,544
宠物,2565
捕杀,3542
简便,5306
宾馆,2614
餐厅,6887
产品销售,602
零售价,6763
元个,995
批发价,3399
批发,3398
诚邀,6057
鞠商,6804
工贸,2766
进口,6418
服务中心,4037
两地,336
货物,6182
通关,6487
邮政,6536
快递,3137
统一,5475
监管,4979
经验丰富,5456
素质,5379
优良,773
政府,3696
快捷,3135
省心,5015
工作日,2744
手中,3336
单证,1538
速度,6501
特快,4713
两天,338
物品,4698
少量,2686
缺乏,5508
办理,1384
报关,3449
紧急,5386
承接,3410
电动工具,4863
清洗,4539
潜水,4598
用品,4844
机器,4091
机械,4097
林先生,4159
东路,326
东方,321
时代,3887
海运,4489
外省市,2205
本司系,4068
方较,3813
张生,3013
有心,4015
晚上,3937
我家,3291
回家,1995
开门,2993
外面,2214
看着,5032
背影,5665
路上,6287
坐在,2111
床上,2899
面对,6793
天气,2311
不好,228
抱怨,3465
没事,4376
未必,4061
体会,841
用票,4848
或者说,3303
改变,3677
悲剧,3197
为难,441
想过,3227
机理,4099
众多,758
基因,2136
转移,6320
目的,4989
表达,5867
感染,3247
细胞,5430
种类,5166
制品,1335
复制,2181
简称,5310
含量,1855
实验室,2564
药物,5793
忽视,3142
失败,2338
资讯,6216
干扰,2829
常用,2820
重组,6591
病毒,4944
包装,1439
发生,1680
特征,4712
证明,6024
生长,4838
次数,4254
动物,1417
减少,1203
下降,204
忽略,3141
含有,1854
合格,1797
污染,4366
扩散,3391
监测,4976
缺点,5510
狙椤,4728
公认,1094
样品,4202
抓住,3424
早期,3883
监控,4975
措施,3592
严谨,347
做法,972
长期,6652
以内,713
合成,1796
高效,6940
临床,432
阶段,6700
技术支持,3419
规范,5922
推进,3590
大规模,2288
通信地址,6486
北京市,1450
中路,421
直线,4995
不愿,239
退订,6459
办公,1378
办公用品,1380
超市,6258
企事业,750
购物,6191
自年,5702
依托,885
吸引,1866
一大批,43
送货,6465
欢迎您,4258
订购,5968
装订,5879
办公设备,1382
展示,2722
配件,6563
存储,2450
彩色,3052
书写,501
激光,4605
切割,1284
组合,5419
笔记本,5251
通讯录,6494
工作手册,2742
惠普,3212
原装,1612
兼容,1139
佳能,871
爱普生,4671
三星,156
兄弟,1007
美能达,5566
理光,4790
方正,3811
东芝,322
墨水,2162
特色,4719
订制,5962
广大客户,2889
业务员,309
上门,189
台历,1768
月历,3998
不干胶,232
信封,920
配送,6569
直销,4998
距离,6276
协商,1520
订单,5963
加急,1398
货到付款,6180
周一,1873
周六,1878
亦可,592
创业,1298
不多,225
兼职,1140
冲突,1190
学历,2466
专业技能,273
起点,6250
平等,2845
春天,3922
季节,2456
秋天,5162
收获,3671
眼光,5051
建站,2943
合法,1799
国家信息产业部,2035
出租,1248
提成,3602
出售,1238
本站,4082
说起,6086
一级代理,96
一级,95
总站,3175
管理员,5321
元元元,999
精美,5359
平台,2834
来源于,4140
下级,200
付元,690
二级,552
三级,160
四级,1985
钥匙,6618
开锁,2991
这人,6392
临时,433
开户行,2976
地域,2092
规律,5917
终止,5435
永远,4344
取消,1705
汇出,4348
不信,212
亲人,611
名义,1823
互联,559
发达,1696
同学,1810
就行,2690
后台,1838
成千上万,3271
电视台,4896
厂商,1585
来临,4132
体现,844
奋斗,2350
金秋,6604
发到,1658
整改,3758
对策,2632
收益,3669
测试方法,4460
电子产品,4866
接地,3569
滤波,4582
屏蔽,2711
电子电器,4874
电工,4878
产品设计,600
制造,1346
项目管理,6817
电磁兼容,4888
基本概念,2139
电磁干扰,4889
概述,4242
电磁,4887
测量,4461
基础,2140
探讨,3561
测试,4459
场地,2105
开阔,2994
辐射,6346
结构,5461
实用,2552
电路,4903
特性,4714
滤波器,4583
布线,2793
布局,2792
完整性,2504
抑制,3422
器件,1974
诊断,6037
医疗,1462
防护,6685
静电,6781
放电,3693
个人电脑,352
鼎韵,6995
教授,3719
新加坡,3785
受过,1713
现场,4767
发表,1688
学术论文,2472
专长,296
广东,2876
大型,2262
主持,451
课题,6116
分会,1259
培训中心,2128
酒店,6573
培训费,2133
资料费,6208
早餐,3886
午餐费,1485
日前,3856
转帐,6318
每人,4296
周日,1884
陈小姐,6709
万家,136
商务信息,1932
推广,3586
升级,1482
终身,5438
营销,5813
商机,1948
发送给,1700
致礼,5722
深表歉意,4525
新永友,3794
广深,2893
用到,4842
老客户,5584
以真成,718
必城,3118
合作愉快,1788
唐生,1918
好文,2395
游戏规则,4565
小丑,2655
健康,982
灵魂,4620
玻璃,4780
爸爸,4678
作者,864
罗伯特,5544
一句,28
不幸,234
这句,6396
确实,5110
财商,6166
看作,5024
智慧,3952
工人,2737
活着,4440
干活,2830
账单,6176
可怕,1749
限度,6719
辞职,6354
看一看,5019
这一,6390
说法,6084
短期,5081
福利,5149
年轻人,2864
时要,3898
中学,390
某种,4170
特定,4711
陷入,6729
生计,4837
老鼠,5591
脚下,5680
道路,6512
不停,213
小老鼠,2682
飞快,6879
第二天,5272
早上,3878
醒来,6575
发现自己,1679
依然,887
汤姆,4367
克鲁斯,1028
主演,455
台词,1770
算是,5312
真理,5044
离开,5158
一幕,53
空气,5219
妇女,2409
升职,1483
失望,2335
当年,3034
比尔盖茨,4314
人来,649
放下,3685
冒险,1164
未来,4062
亿万富翁,665
类似,5339
想一想,3215
辛苦工作,6352
日子,3859
小狮子,2679
狮子,4736
幸福,2868
尾巴,2700
始终,2414
傻瓜,989
更高,3971
创办,1301
墓司,2152
奔波,2351
应酬,2913
贷款,6200
花费,5763
换取,3548
感到,3240
全力以赴,1042
梦想,4226
甘心,4805
美丽,5553
财富,6167
大门,2294
资本,6209
业余时间,305
小偷,2658
抓不住,3423
请点,6091
这篇,6407
一年,54
好运,2402
封信,2647
表示歉意,5866
小姐,2662
类型,5341
黄页,6986
指南,3512
网络营销,5538
报告,3453
计划书,5952
讲义,5990
电子版,4873
万元,134
讲解,5995
邮寄,6534
需元,6767
定向,2524
后顾之忧,1846
一款,76
短信,5078
网关,5517
电信,4859
代理商,703
自主,5689
客户服务,2577
增强,2158
乐观,489
分销商,1283
感谢您,3252
详情,6064
阳光,6694
网络科技,5535
节假日,5748
提交,3594
每周,4300
周五,1876
上午,166
下午,193
工程师,2759
试用,6043
碰到,5114
常见,2821
期限,4060
试用期,6044
配置,6568
动态,1415
推动,3584
导航,2645
热门,4647
资源,6214
回执表,2000
致电,5721
回执,1999
名称,1832
职位,5618
服饰,4050
美容,5561
情感,3204
文化,3765
职场,5621
写真,1169
导购,2646
温柔,4553
色彩,5741
当红,3038
不让,257
李宇春,4115
档案,4221
超级女,6262
超女,6257
主办,444
十大,1475
男人,4906
情人节,3200
哈佛,1907
日记,3873
男女朋友,4910
风情,6867
暗恋,3958
爱情,4670
最初,3982
尽头,2697
童话,5245
之旅,482
家务,2595
女友,2368
名单,1825
浪漫,4469
人生,656
订阅,5969
列表,1291
三大,152
说话,6085
优质,774
服务公司,4039
健全,980
首家,6898
十年,1476
数千家,3736
宝洁,2533
杜邦,4126
丰田,430
本田,4078
日产,3852
中远,422
航运,5735
中粮,415
机场,4092
会展中心,790
地铁,2102
门户网站,6665
控股,3581
强大,3024
整合,3755
人才库,644
贴心,6194
联通,5642
留存,4925
敬请,3731
谅解,6128
维拉,5486
缴纳,5507
书为,499
票额,5145
五金交电,568
仪表仪器,722
机械设备,4098
塑胶制品,2147
化工原料,1445
书以,500
大城市,2263
规模,5919
庞大,2918
合作伙伴,1787
若贵,5768
林立,4164
维赖率,5489
狄涤,4727
邢薰司,6521
全球化,1055
面临,6788
新品,3788
产能,603
信息系统,931
建设,2952
变革,1722
创新,1305
运动,6375
之道,483
不同于,223
连续,6436
机构,4096
管理科学,5328
经济学,5443
学科,2476
示范,5116
追求,6450
部门经理,6558
项目经理,6818
课程内容,6112
第一,5255
单元,1530
竞争力,5241
争议,519
矩阵,5077
分配,1279
差异,2774
第三,5264
漏斗,4587
市场需求,2789
约束,5399
经济效益,5444
彩电,3051
第四,5278
立项,5237
政策法规,3700
合同,1792
政府部门,3697
第五,5274
回归,1997
趋势,6269
预测,6836
第六,5276
概率,4240
投影机,3427
第七,5263
模块,4245
估算,822
固定资产,2025
优惠政策,768
估计,823
第八,5275
平衡,2847
不确定性,250
第九,5270
风险管理,6874
事件,524
应对,2906
调查,6122
第十,5277
进度,6422
评审,6031
监督,4978
研究员,5094
副总经理,1370
跨国,6282
集团公司,6753
参与,1620
欧洲,4260
印度,1574
厂房,1587
建造,2953
致力于,5718
合资,1804
赛格,6228
青年,6777
学院,2480
西北,5882
石油,5085
高新技术,6942
开发区,2964
分行,1276
成都,3283
汕头,4360
四川,1980
书籍,503
本次,4077
配套,6566
文具,3763
点心,4627
住宿费,837
优惠价,766
团体,2014
索取,5380
报名表,3452
李小姐,4116
将来,2651
勇敢,1429
逃避,6471
放手,3691
没想,4380
身上,6295
到来,1331
我会,3286
疼痛,4941
您们好,3194
服务业,4036
定额,2528
本司,4067
徐克,3081
片子,4680
导演,2643
厉害,1595
七剑,123
细腻,5431
眼球,5054
视觉,5925
北方,1452
网上商城,5513
欣赏,4259
免费送,1032
阳朔,6695
逍遥游,6477
天元,2300
人天,635
住宿,836
往返,3063
相册,5002
行程,5850
桂林,4214
厦门,1615
花园,5759
三天,153
周末,1887
足不出户,6270
旅游,3816
女士,2369
税务代理,5201
审计,2571
注本,4425
建筑业,2945
广东省,2877
宏易,2508
度现,2922
向贵,1852
供贵,883
完税,2506
凭证,1230
王先生,4743
特惠,4715
罗湖区,5548
嘉宾,1970
深南,4512
装修,5874
宝安,2530
南路,1550
套房,2357
大厦,2260
豪华,6144
全新,1050
开业,2954
南方,1547
联合,5628
光华,1019
大道,2291
公寓,1085
元月,1004
假日,959
广场,2888
北路,1457
世纪,302
华源,1506
对面,2636
湖北,4569
华侨城,1497
一路,107
野生,6595
动物园,1418
中华,372
西门,5893
百货,4967
房间,3324
平米,2846
明珠,3907
元年,1002
前往,1356
港币,4558
备注,2178
流花路,4453
东风,328
珠海,4786
招商,3479
交易,576
珠江,4785
江南,4361
华泰,1504
天河,2312
天河路,2313
入住,1037
客人,2572
订房,5964
前台,1352
代收,701
杭州,4146
重庆,6588
南京,1543
合肥,1802
昆明,3901
长沙,6655
贵阳,6199
郑州,6548
天津,2314
武汉,4287
济南,4462
青岛,6775
长春,6651
哈尔滨,1910
乌鲁木齐,487
大连,2290
当天,3033
为准,437
常识,2823
网络实名,5530
注明,4424
太阳,2328
致贵,5724
诚意,6054
对贵,2635
爸爸妈妈,4679
为啥,438
要说,5898
安慰,2491
难受,6743
苦衷,5771
妈妈,2410
身边,6303
身体健康,6299
那年,6526
冬天,1182
十倍,1472
河南,4390
民间,4329
手工,3338
艺术品,5746
李庄,4117
誉为,5945
一绝,100
立体,5232
印刷品,1572
领导人,6848
三次,157
馈赠,6896
人民大会堂,652
德国,3095
柏林,4168
大厅,2259
产品代理,596
具备,1134
投入,3426
独家代理,4733
高回报,6933
乐于,488
销量,6632
几十,1212
主流,454
消费,4498
阶层,6699
河南省,4391
总部,3182
前沿,1362
创意,1304
搭配,3623
聚焦,5646
想来,3221
生命,4820
承受,3407
尴尬,2693
约会,5397
天使,2299
私人,5160
医生,1461
女人,2365
痛苦,4948
同性恋,1813
放到,3686
味道,1890
眼中,5050
完美,2507
内涵,1151
占据,1558
地位,2086
庆幸,2897
王牌,4748
本月,4074
央视,2332
这部,6412
风靡,6876
演绎,4593
一线,97
第期,5281
演员,4590
培训班,2131
毕业,4317
记得,5987
本书,4064
心痛,3115
这份,6394
超越,6263
极限,4156
麻木,6978
唯一,1923
去年,1618
火爆,4615
异常,2996
好多,2391
凌晨,1200
安排,2492
女主角,2364
来到,4135
少女,2684
白天,4954
两人,332
陌生,6713
相识,5011
女孩,2371
舒服,5728
太过,2327
敏感,3711
折磨,3441
干净,2826
上班,181
上课,187
一生,84
时期,3896
遭遇,6516
解决方案,5935
早晨,3882
办公室,1379
题目,6860
财务主管,6157
业务量,314
纳税人,5409
受到限制,1709
安全性,2486
结余,5457
统一发票,5476
多谢,2240
不必要,236
一块,37
开心,2974
不在乎,224
生日,4825
怀疑,3145
下次,198
婚礼,2432
场面,2108
去过,1619
可否,1747
一分钟,19
专注,288
时代光华,3888
余世维,852
陈安之,6708
光临,1018
道歉,6510
太多,2320
做广告,968
算了,5311
貌似,6147
小学,2664
就行了,2691
招聘会,3485
商城,1942
展览,2723
邀请函,6520
征集,3066
大专,2247
以上学历,710
外语,2208
即时,1581
预约,6839
会费,796
应聘,2912
筛选,5296
工作人员,2739
餐饮,6888
索引,5382
详细信息,6067
面试,6798
打印机,3363
设施,6009
展位,2713
一场,36
预定,6834
单位名称,1529
联系地址,5637
邮政编码,6537
移动电话,5192
海报,4484
钢铁,6616
联盟,5635
热点,4640
焦点,4652
展厅,2716
管理中心,5316
添加,4530
所属,3328
事业,520
探索,3560
周刊,1880
天极,2308
操作系统,3645
网络安全,5529
编程,5501
教程,3722
体验,850
电视,4894
手册,3337
建网站,2949
图解,2065
超强,6260
国产,2026
即时通讯,1582
走势,6238
半年,1491
微软,3093
万美元,142
赔偿,6221
招募,3478
重点,6590
难题,6747
搜索引擎,3616
防火墙,6688
官方,2514
个性,356
新浪,3795
兔子,1035
贴子,6193
像素,991
高手,6939
随身,6735
隐藏,6738
函数,1256
参数,1625
第个,5269
五大,563
隐私,6737
避开,6517
泄密,4398
应用软件,2911
扫描,3393
图文,2060
模糊,4251
变得,1718
美女,5559
非法,6785
深入浅出,4509
专区,281
电子杂志,4872
欢幽,4255
天极网,2309
出色,1249
投稿,3431
才华,3354
频道,6857
讨论,5978
天天,2303
一心,57
相恋,5006
情人,3199
快乐,3131
占领,1561
竞争对手,5242
争夺,517
潜在,4597
秘诀,5179
激烈,4611
市场竞争,2785
自我,5704
扮演,3395
角色,5930
更大,3965
管理系统,5329
发掘,1671
个性化,357
贡献,6154
角色扮演,5931
管理水平,5327
纠怼,5392
队伍,6682
课程设计,6115
元素,1005
训练,5981
授权,3552
航空,5733
中国联通,381
药业,5790
瑞士,4802
日立,3871
电梯,4881
冰箱,1184
活泼,4439
感染力,3248
微观,3092
宏观,2509
计划,5951
拜访,3487
确立,5111
购买者,6190
压力,1596
关注,1118
进程,6423
呈现,1868
哲学,1916
声音,2169
多种形式,2239
动画,1419
激励,4607
沟通,4375
户外,3316
缓解,5496
相当于,5005
这支,6400
胜利,5670
取决于,1704
顶尖,6813
培养,2125
一支,62
树立,4193
职责,5626
理论知识,4799
心态,3102
形象,3049
针对性,6612
适度,6469
跟进,6281
成交,3262
几率,1223
各种各样,1782
异议,2998
人事,621
高层,6936
新人,3783
手机短信,3346
公告,1082
祝福,5128
聚会,5645
体育,846
艺术,5745
通讯设备,6495
摄影,3628
音响,6809
手表,3352
家居,2598
日用,3868
孕妇,2443
男士,4908
卡通,1564
工艺品,2764
礼品,5118
求购,4347
工程技术,2760
市场营销,2787
行政,5849
出版,1244
房屋,3321
商铺,1958
写字楼,1168
房产,3318
车辆,6310
二手,545
汽车,4368
摩托车,3635
自行车,5713
护理,3446
维修,5483
法律,4405
旅行,3817
转让,6321
娱乐,2427
打折,3370
家教,2603
总有,3173
文明,3770
易用,3915
张守春,3008
薪资,5832
首创,6897
独创,4730
最具,3980
操作性,3643
实用性,2553
张老师,3014
联合利华,5630
朗讯,4051
带动,2811
热烈,4641
气氛,4331
课堂,6109
极高,4157
所学,3327
薪酬,5833
量身,6597
打造,3378
笔记本电脑,5252
拷贝,3494
岗位,2730
测评,4458
极强,4155
中有,405
手把手,3339
曲线,3964
固定,2024
奖金,2355
调薪,6126
级差,5401
幅度,2824
威特,2425
调查报告,6123
水准,4334
软件系统,6332
结构设计,5462
方便快捷,3806
为元,436
打包,3361
讲课费,5998
合计,1803
一共,16
为本,440
超出,6255
好评,2400
师资,2802
人力资源,627
管理学,5322
硕士,5102
协会会员,1516
搜狐,3614
高阶,6965
新浪网,3796
新华,3786
人寿,637
实操,2548
海外,4480
功底,1389
擅长,3641
主讲,462
人力,625
资源管理,6215
微电子,3089
电力,4861
中外运,386
空运,5223
支行,3656
年度,2856
政策,3699
改革,3683
竞争,5240
实例,2539
四种,1984
光驱,1025
重叠,6584
算法,5313
发放,1672
高管,6953
研修,5088
渴望,4560
专员,283
四楼,1983
东莞市,324
元人天,997
交纳,585
试用版,6045
开户银行,2977
户名,3315
清华同方,4532
湖南,4570
华夏,1500
清华,4531
信息产业,924
华润,1505
置业,5551
西门子,5894
联网,5641
明天,3903
航天,5731
共创,1109
通讯,6492
国际贸易,2055
复旦,2185
农行,1178
软件开发,6330
联想集团,5632
媒体,2435
创建,1303
训练营,5982
万锋,146
找些,3404
开销,2990
陈志平,6710
恋爱,3184
安利,2488
周到,1881
售后,1921
高品质,6932
营养,5809
家中,2590
领先,6844
处理器,2174
客户资料,2581
刊登,1287
人口,629
持续,3503
雄厚,6748
作帐,861
用些,4840
杨生,4144
专业版,274
几秒钟,1227
电子信箱,4868
广告宣传,2884
上百万,183
专业知识,275
会员制,787
定制,2522
答疑,5291
万分,135
分行业,1277
自由选择,5709
过滤,6367
物超所值,4707
易懂,3914
郑权友,6549
张敏,3010
公开课,1089
中外,385
口语,1729
录像,3039
名师,1827
新西兰,3801
秘密,5178
一件,8
小时候,2675
手指,3340
两句,335
日语,3874
法语,4410
创始人,1302
创立,1306
汉语,4359
地说,2101
话题,6059
联络,5640
发出,1657
交换,574
主动,446
诚实,6051
美眉,5565
语言,6072
图像,2058
拜托,3486
拒绝,3476
登记,4952
编码,5500
入口,1038
全是,1052
每日,4304
某人,4169
一日,65
告知,1870
感兴趣,3238
顾客,6828
文摘,3769
预期,6835
靠近,6787
以往,716
心灵,3108
看重,5034
同行,1820
加盟,1404
沙龙,4374
先进,1015
功能强大,1393
加大,1394
层次,2704
均衡,2109
历史,1591
子公司,2439
一大堆,42
有意思,4017
问世,6669
面对面,6794
高科技,6948
锻炼,6641
中国式,376
听到,1856
纯正,5405
创达,1307
赵铭,6244
生气,4827
女儿,2366
我妈,3290
答应,5289
寝室,2626
东西,325
被子,5870
跟着,6279
吃饭,1776
头发,2340
睡觉,5066
回来,2005
自觉,5714
妹妹,2412
转载自,6324
讨论区,5979
发信人,1655
考研,5597
待遇,3067
好点,2397
积蓄,5190
租房,5181
便宜,890
读研,6105
研究生,5096
看电视,5031
流畅,4450
星空,3921
卫视,1568
海淀区,4488
基地,2137
两大,337
利益,1325
买家,509
领取,6845
租金,5186
精英,5362
培育,2126
免费软件,1031
无关,3822
特此,4717
宝贵,2535
作风,865
专人,278
普通型,3946
总数,3172
程序设计,5196
无无无有,3833
关键词,1125
检索,4229
核心思想,4208
西部,5892
健身,983
辉煌,6345
创业者,1299
融资,5842
商务活动,1933
文案,3771
信函,917
规章制度,5921
说明书,6082
内外,1144
演讲,4594
发言,1690
论文,6003
相处,5003
体谅,848
一条,71
笑话,5249
郁闷,6546
来源,4139
剩余,1367
激情,4609
尽情,2698
地去,2088
户外运动,3317
结识,5465
他会,688
女朋友,2375
女孩子,2372
爱好,4667
讨厌,5977
糊涂,5366
过得,6365
另一半,1732
谈恋爱,6132
精通,5364
较强,6340
记忆,5988
渐渐,4545
学业,2459
无意,3828
事实上,535
性格,3160
高三,6928
终于,5434
疯狂,4938
开放,2979
倾向,956
事前,527
做事,964
放松,3692
波动,4412
感受,3242
心情,3104
难以,6742
面前,6789
足球场,6274
角落,5933
幻想,2870
一堆,38
默默,6993
走廊,6240
世上,299
人会,622
宝贝,2534
爱上,4664
一本,70
堕落,2144
害怕,2589
青春,6778
岁月,2729
留下,4921
节目,5752
诞生,6060
传奇,800
人为,620
奇迹,2347
观点,5913
生理,4834
睡眠,5063
例外,874
细节,5433
情节,3208
中午,371
深夜,4518
思念,3150
想起,3226
泪水,4427
任何人,730
受伤,1707
眼睛,5055
葡萄,5819
眼泪,5053
献给,4740
无语,3843
清醒,4543
白色,4955
口袋,1727
平常,2839
教室,3716
校园,4197
黑色,6990
中学生,391
令人,709
骄傲,6916
自信,5691
自卑,5697
象征,6143
百合,4961
抗拒,3435
魅力,6968
内心,1147
纯洁,5406
欲望,4263
夜里,2245
想象,3225
冰冷,1183
今生,675
带给,2815
笑容,5248
悲伤,3196
迎接,6372
想念,3219
留在,4924
心思,3103
轻轻,6336
温暖,4552
租赁业,5185
牢固,4695
秘书,5177
出版社,1245
杂志社,4107
交流中心,582
研究院,5098
香港商标,6909
商标,1949
代转,708
亲临,610
一间,116
助您,1420
拓展,3477
所得税,3331
外汇,2202
注册资金,4420
验资,6923
随意,6732
经营范围,5452
医药,1464
传媒,801
设立,6011
分支机构,1266
外资银行,2212
开立,2984
户口,3314
外币,2200
信用证,935
网上银行,5516
银行帐户,6626
申报,4853
营业税,5807
免交,1029
申领,4858
许可证,6000
期刊,4054
专利,280
受限制,1714
注册商标,4418
国际形象,2051
律师,3080
办理手续,1385
需个,6766
申请人,4856
开户,2975
法律咨询,4406
电话线,4902
年代,2851
吴先生,1864
总公司,3170
暂时,3955
转交,6312
买卖,507
顺利,6820
感谢,3251
举办,469
促销,895
优惠活动,769
回馈,2010
万封,137
享用,607
名额有限,1836
苹果,5782
询价,6061
接到,3565
推销,3591
金钱,6608
廉价,2932
超低,6252
商业机会,1926
图文并茂,2061
行业类别,5846
交流平台,584
采购商,6580
个体,354
支撑,3653
网上商店,5514
全功能,1043
开店,2973
雅虎,6749
网易,5522
百度,4964
影响力,3057
顶级,6814
租用,5183
诚征,6052
合作者,1789
面议,6797
天山,2305
后期,1842
愤怒,3253
师弟,2801
半天,1488
寂寞,2617
孤单,2457
巴黎,2779
阴茎,6697
提倡,3596
性生活,3162
聪明,5648
欢拥,4257
加密,1395
钻石,6620
经销商,5454
编号,5499
陈先生,6706
华源集团,1507
当今,3029
高科技产品,6949
电脑硬件,4892
相机,5007
重要性,6592
生存,4821
优异,763
全方位,1051
超低价,6253
物有所值,4700
欢庸,4256
所售,3325
最低价,3977
客服,2583
票务,5140
订票,5966
海口,4478
航线,5734
温州,4550
航班,5732
单程,1537
东京,319
曼谷,3972
纽约,5416
伦敦,821
莫斯科,5796
悉尼,3192
澳洲,4603
温哥华,4549
另有,1734
票价,5139
线路,5417
优惠价格,767
引进,3005
监听,4973
窃听,5228
一批,60
台湾,1769
能为,5674
方案设计,3810
产业,593
联手,5633
人才培养,643
网络游戏,5533
设计师,6014
开课,2986
学时,2469
美术,5563
入学,1039
一律,56
签订,5303
就业,2688
日日,3863
信息产业部,925
预计,6840
亿元,667
处于,2170
局面,2702
高薪,6959
形容,3045
合适,1805
纷纷,5412
引入,2999
专业人才,269
策划,5292
无疑,3836
受欢迎,1710
开设,2985
配备,6565
图形,2059
导向,2641
教师,3718
精选,5363
贯穿,6192
国际化,2048
颁发,6832
负责,6152
留学,4926
荣获,5788
开发商,2965
大赛,2289
内衣,1154
电动,4862
运营商,6378
服务商,4040
成绩,3280
保送,911
深造,4526
公司地址,1078
材质,4122
印刷,1570
厚度,1600
放大,3688
挂图,3507
一类,92
张贴,3015
场所,2106
会议室,795
食堂,6883
接触,3574
综合类,5492
标语,4190
环保,4755
此类,4279
信区,918
珍惜,4781
勇气,1430
本事,4065
平和,2835
励志,1426
读者,6106
忠实,3127
家人,2593
文秘,3775
机关,4089
汇报,4350
讲话,5996
剖析,1364
调研,6124
写作,1166
企划,751
思想,3151
基层,2138
一周,35
中等,414
效劳,3703
致歉,5720
博客,1555
部落,6555
眼前,5052
相互,4999
渗透,4546
中级,416
人际,662
比赛,4316
参观,1627
度假,2921
发起,1695
其他人,1132
上传,165
信任,916
周边,1889
邻居,6545
说出,6079
成员,3272
性质,3164
白领,4956
值得,954
各国,1777
子女,2440
两次,344
考试,5599
试卷,6041
考生,5596
公布,1086
全世界,1041
学术,2471
得以,3083
文凭,3764
高中,6929
持有,3502
本土,4071
录取,3040
政治,3698
帝国,2810
给予,5466
毕业生,4318
诸多,6099
大二,2251
奖学金,2354
应有,2909
尊重,2654
公平,1087
体制,843
公民,1092
宿舍楼,2616
话费,6058
学费,2478
业余,304
假期,960
朝阳区,4053
建国路,2936
展会,2712
客户关系,2576
一体,13
供求,879
获取,5798
渠道,4547
商务部,1937
人气,654
套餐,2359
日月,3864
星期六,3920
体育中心,847
平方米,2841
摊位,3631
任选,737
类别,5340
名企,1824
黑白,6989
资费,6218
心动,3099
便捷,891
省钱,5018
北京地区,1448
通话,6496
售后服务,1922
股票市场,5657
股票,5656
连锁,6437
居家,2707
厨房,1616
温馨,4556
住宅,835
托管,3383
实行,2555
余家,853
面向全国,6791
加盟商,1405
订房网,5965
虚拟主机,5836
光纤,1024
邮件系统,6532
软硬件,6333
质量保证,6187
主机,452
诚招,6055
丰厚,428
实时,2551
意向,3230
静态,6780
普及,3942
此信,4278
火热,4614
河北,4389
农民,1177
蔬菜,5829
企业主,742
十月,1477
分布,1262
千个,1479
采集,6581
客商,2573
引擎,3002
低廉,831
寻求,2638
信息化,926
效应,3704
外部,2213
演示,4591
闲着,6675
很累,3077
父亲,4674
说实话,6081
年轻,2863
不服,242
停下来,978
身体,6298
卓越,1525
怎样才能,3149
掌控,3555
董事长,5821
主管,456
考核,5595
公章,1093
校友,4195
保留,908
民营,4327
塑造,2148
精细化,5358
筹划,5297
领导力,6849
再造,1162
执行力,3388
经济法,5445
危机,1577
详细资料,6069
学习型,2461
经管,5448
副教授,1372
博士,1551
学者,2477
干部,2832
中央电视台,388
记者,5989
食宿,6884
协助,1518
商量,1957
半夜,1487
花钱,5764
吵架,1865
脾气,5685
委屈,2422
办事处,1377
外贸,2209
零散,6764
展览会,2724
业务人员,308
自行,5712
统计,5477
往来,3062
工作效率,2743
开拓,2978
协调,1523
跟单,6277
带走,2816
外泄,2203
现象,4775
离职,5159
前期,1359
后果,1843
可想而知,1753
编写,5497
审批,2566
放过,3695
着急,5059
表白,5865
实习,2538
租房子,5182
几次,1222
散步,3728
车站,6307
每天晚上,4301
打招呼,3371
从来不,681
听听,1857
意见,3235
玩玩,4753
国庆节,2039
师兄,2798
出去玩,1232
好消息,2396
用友,4843
突破,5227
热线电话,4644
上市,171
认定,5972
组件,5418
历程,1594
面向,6790
四大,1977
帐务,2806
核算,4209
全程,1058
把握,3421
加速,1409
灵活,4619
分散,1267
汇总,4349
套装,2358
签名,5299
明细表,3910
个人所得税,351
申报表,4854
租赁,5184
报废,3455
跟踪,6280
卡片,1563
事业单位,521
进销存,6426
单据,1532
存货,2452
入库,1040
模版,4250
标签,4188
独家,4732
原本,1608
小心,2672
甜蜜,4808
一步,77
交给,586
想法,3222
遇见,6508
初恋,1312
美好,5560
关心,1115
大四,2261
段时间,4293
热情,4638
这段,6405
最多,3984
无奈,3824
建深,2940
柯昌军,4181
热诚,4646
办税,1386
避税,6518
清单,4535
打搅,3372
见谅,5906
金融,6606
茶水,5785
副总,1369
储备,987
杨小姐,4143
课程目标,6114
差别,2773
业务流程,310
展开,2718
强化,3023
接口,3567
要点,5896
总体,3169
法则,4402
识别,6036
标准化,4185
虚拟,5835
业界,315
第一步,5262
概要,4241
定义,2516
分组,1275
编制,5498
指导书,3516
情景,3206
分析法,1272
瓶颈,4803
集成,6754
系统工程,5373
驱动,6914
田口,4850
工艺,2763
可靠性,1765
首选,6904
仿真,740
框架,4215
中科院,413
博士学位,1553
华为技术,1495
交换机,575
控制系统,3580
机电,4100
实践经验,2558
韶关,6811
电子政务,4871
首席,6901
幽默,2873
康佳,2926
光电,1022
看过,5033
见面,5909
珍贵,4782
预留,6837
一经,99
经理人,5447
别墅,1326
阿里巴巴,6703
百家,4962
内部资料,1157
全集,1064
共计,1112
万条,139
共万,1105
院士,6722
总共,3171
搜集,3617
截止,3310
职工,5622
工商,2749
电话号码,4900
更改,3968
业主,303
借鉴,951
麦肯锡,6977
罗兰贝,5546
安达信,2496
普华永道,3941
科尔尼,5170
德勤,3094
远卓,6428
北大,1451
纵横,5411
奥美,2363
齐全,6998
完整,2503
海尔,4481
中兴,367
爱立信,4672
雪铁龙,6760
福特,5152
沃尔玛,4369
麦当劳,6976
全案,1053
权威,4110
精华,5348
搜集整理,3618
流程图,4452
份文件,738
投标,3429
纽带,5415
实施方案,2550
中国电信,377
卖场,1541
统计分析,5478
港资,4559
二次,550
验收,6919
物业管理,4697
电器,4864
视野,5926
人力资源部,628
岗位职责,2731
样本,4204
卫生,1567
办事,1376
供货商,882
中小企业,393
板块,4151
新奥,3791
死亡,4290
企业家,744
网通,5541
问卷,6671
收购,3673
百年,4963
建议书,2951
管理模式,5326
设计方案,6015
督导,5067
成长,3284
分解,1278
治理,4396
出发,1233
精益,5354
门店,6662
精神,5356
减肥,1204
量化,6596
内训,1155
纲要,5407
职能,5624
准则,1197
实务,2542
细分,5427
开会,2956
副总裁,1371
信息时代,929
障碍,6740
人性,639
张瑞敏,3012
英文版,5777
检查,4227
七大,124
推行,3589
务实,1410
工时,2756
品种,1905
小批量,2673
工序,2754
讲座,5992
生产线,4817
管制,5314
生产方式,4815
制造业,1347
生产力,4811
培训教材,2130
后续,1845
一体化,14
第三方,5266
二十一,542
现状,4774
盘点,4983
分离,1273
启示,1863
物料,4699
仓库,686
零售,6762
分销,1282
协作,1517
评定,6030
六西格玛,1103
订货,5967
搬运,3621
定单,2523
转发给,6315
管理工作,5324
原始,1606
心血,3117
凝聚,1206
首次,6903
知名度,5073
大众,2254
一同,32
助手,1421
口号,1723
受益,1711
必备,3119
提案,3603
房地产,3319
八十年代,1065
初摆个,1313
地摊,2094
发财,1691
初买支,1311
人不信,618
人不试,619
字母,2449
拼写,3495
小型,2660
赚来,6225
上万元,161
几百块,1225
摆地摊,3629
后成,1841
几千块,1216
杀进,4105
股市,5653
大富翁,2271
本钱,4086
移民,5194
签证,5304
无锡,3846
钟敬龙,6614
一半,26
康达,2931
由本,4852
请问,6098
在乎,2071
到时候,1329
得知,3085
太累,2325
舍不得,5726
很多很多,3069
我该,3300
字号,2445
拿到,3499
前提,1357
佛山市,856
浙江,4467
福建,5151
内地,1143
需用,6770
税局,5203
图书,2056
观看,5914
门户,6663
商旅,1947
烧烤,4636
射击,2649
峡谷,2732
公里,1096
身心,6300
融入,5840
之中,474
景区,3948
游览,4568
第一天,5258
集合,6751
乘车,492
风景,6868
车上,6305
风光,6865
返回,6386
晚餐,3939
释放,6582
起床,6248
门票,6666
陪同,6727
接待,3570
民族,4326
再见,1161
冲击,1186
强力,3020
国际域名,2050
企业邮箱,748
降低成本,6717
犹豫,4726
男朋友,4916
喝酒,1969
几句,1217
核销,4210
帮忙,2818
专业人士,268
已有,2778
之处,478
前女友,1354
下班,199
多元,2222
来得,4138
可悲,1751
去世,1617
爱人,4665
脆弱,5677
多月,2236
无情,3827
明明,3905
善于,1960
有过,4028
矛盾,5070
平淡,2844
可能性,1759
好看,2399
分开,1263
误会,6074
做成,970
行销,5851
最为,3975
样子,4203
潜能,4599
纪念,5402
拍摄,3474
非常感谢,6783
出差,1242
暗示,3960
指挥,3518
并购,2866
买入,506
基金,2142
法规,4409
年底,2855
外国,2197
新增,3790
亿美元,669
中期,406
教训,3727
股权,5655
版权所有,4687
禁止,5147
远程教育,6432
常见问题,2822
新手,3793
问答,6672
源代码,4574
机制,4090
提问,3609
专栏,287
插件,3612
导入,2639
单词,1539
版块,4683
指令,3510
请求,6090
关键字,1123
一贯,105
排除,3559
事先,526
位置,827
覆盖,5900
排名,3556
反感,1648
客观,2584
增大,2157
占用,1560
版面,4689
变化,1716
传递,816
图象,2066
制订,1345
批准,3396
发行,1687
综合性,5491
科学技术,5169
国际标准,2053
本刊,4066
科研,5173
工作者,2745
农业,1175
征求,3065
稿件,5216
海华,4476
郑亦文,6547
加盟费,1407
对不起,2627
请谅解,6096
可代开,1744
刘生,1296
大师,2273
亿八,668
六套,1100
按装,3528
教会,3713
泰沙路,4429
中文网站,403
尺寸,2695
成功率,3268
越多,6266
现已,4771
百万,4957
广告费,2887
佛山,855
若有,5767
中联,417
防盗,6690
报警,3460
金属,6599
零件,6761
浓缩,4465
玉米,4742
装饰,5880
门锁,6667
治疗,4397
明星,3906
多功能,2225
中药,419
以人为本,712
大学生,2270
打工,3367
俱乐部,947
做好,967
境界,2151
国内贸易,2031
中山,396
善良,1962
来函,4134
顺手,6824
真假,5037
出门,1254
路线,6291
挫折,3537
观念,5912
考验,5601
最早,3990
几条,1221
地图,2089
水木,4337
发文,1673
倾诉,958
四年,1981
社团,5126
两年,340
照顾,4658
一所,58
五一,561
一辈子,110
等待,5285
骗人,6925
网络应用,5532
网络媒体,5528
网络广告,5531
网民,5524
影音,3061
分成,1264
商业模式,1927
事务,528
消费者,4500
回应,1996
打击,3359
防范,6691
意识,3236
指标体系,3522
多元化,2223
高端,6950
中国移动,379
中国网通,380
验票,6921
差额,2777
微薄,3091
报销,3463
下属,195
美国公司,5557
共有,1111
本科,4079
优先,759
无数次,3832
上班族,182
团购,2017
总代理,3167
专线,292
慢慢,3256
桌上,4218
一会,10
脸上,5684
困难,2023
欧美,4262
外观,2207
美观,5567
本品,4070
调节,6125
造型,6503
神经,5135
很小,3071
清洁,4538
放在,3687
用途,4849
向上,1848
解除,5941
奇特,2345
功效,1390
有用,4024
这封,6399
全文,1049
自定义,5699
评分,6028
检验,4230
随机,6734
森林,4233
调度,6119
亲爱,616
一百,85
顾虑,6829
回答,2008
站长,5239
块钱,2112
欺骗,4265
上帝,173
备案,2177
沪备,4387
几千,1214
青睐,6779
不合,221
区别,1458
崩溃,2734
亲戚,615
讲课,5997
伤害,819
下岗,197
减轻,1205
将会,2650
只会,1738
出台,1237
长远,6658
致富,5719
行列,5847
第一批,5260
退出,6455
实惠,2545
退款,6457
注重,4426
支出,3650
证件,6019
如需,2407
祝您,5127
敬请原谅,3732
监视,4980
万事通,132
电子科技,4875
隶属,6741
迪克,6441
伟业,797
同行业,1821
龙头企业,6999
监听器,4974
拦截,3490
窃听器,5229
远程,6431
滤镜,4584
眼镜,5058
高性能,6938
隔墙,6739
追踪,6451
拦截器,3491
针孔,6611
摄像机,3627
传送,815
卫星,1566
全球定位系统,1056
游戏机,4564
掌中,3554
定位器,2520
开锁器,2992
隐形,6736
万能钥匙,144
照相机,4657
电表,4893
控制器,3579
骇客,6917
置入,5552
芯片,5758
卤鹑,1565
响铃,1912
油处入,4393
毫无知觉,4324
尽收,2699
中此,408
追踪调查,6452
婚姻,2431
不忠,237
包二奶,1433
家长,2610
迷恋,6446
直流电机,4994
可充电,1745
电用,4886
广阔,2896
打孔,3365
锁车,6637
锁片,6635
子锁,2442
挂锁,3509
字型,2446
探针,3562
锁换,6634
锁空内,6636
弹子,3017
长手,6649
向下倾斜,1849
扣动,3384
每秒,4307
种下,5164
跳动,6292
瞬间,5068
开启,2969
保修,897
后果自负,1844
研讨会,5100
观众,5910
公关,1074
参展,1623
集锦,6756
国际性,2052
秉承,5161
六年,1101
成功经验,3269
借助,949
强势,3022
本届,4072
业内,306
半导体,1489
被动,5869
元件,998
无铅,3845
展区,2715
元器件,1000
展出,2714
辅料,6344
配合,6564
成果,3277
潜力,4596
新兴,3784
指出,3511
影像,3055
嵌入式,2735
制造商,1348
新颖,3803
标志,4187
快慢,3134
推介,3582
收效,3667
组团,5420
交易会,577
扩展,3389
决心,1191
序号,2901
摘要,3632
急需,3157
房款,3322
怀孕,3143
打算,3377
母亲,4295
夏天,2189
富翁,2624
楼主,4237
出生,1246
贫穷,6188
长相,6656
家版,2604
收回,3663
外界,2204
刺激,1349
老婆,5581
做出,966
比喻,4310
小灵通,2677
充值,1008
博士生,1554
版主,4682
本命年,4069
礼仪,5117
亲情,614
深厚,4513
深深,4523
这片,6406
不可或缺,219
寄托,2619
平安,2837
冠名,1180
以此,717
媒介,2434
营造,5812
土地,2069
群体,5571
明年,3904
循环,3086
兵法,1131
便是,892
标识,4189
认知,5974
可谓,1762
华人,1496
真情,5042
为例,435
多万,2217
忠诚,3128
保守,903
人间,661
机遇,4102
不易,241
相遇,5013
命运,1892
好坏,2389
双重,1642
既有,3851
一身,108
凝聚力,1207
人文,647
极具,4153
内存,1145
占有,1559
看清,5030
后天,1839
一项,119
建国,2935
海涛,4486
江苏,4364
楼下,4236
晚饭,3940
老家,5585
婆婆,2428
普通话,3947
生病,4835
饮食,6892
好吃,2388
愉快,3228
计算机系,5959
经费,5453
不太好,227
干吗,2827
录音,3043
腾讯,5687
强烈推荐,3027
牺牲,4723
家用,2605
几天,1218
宁夏,2482
西藏,5890
卡号,1562
开头,2971
有钱人,4030
态度,3147
失效,2334
跨越,6285
一人,6
一元,15
摆脱,3630
有别于,4009
尝试,2687
闪烁,6668
画面,4918
安心,2490
垃圾,2118
有时候,4020
送到,6462
手上,3335
太太,2322
顺序,6822
发愁,1669
不予,207
一点点,83
获知,5801
享有,606
若干,5766
活跃,4441
给我发,5468
先行,1014
播放,3638
内有,1149
压缩,1598
完后,2501
篇文章,5335
会上,780
天地,2301
进仓,6415
收入支出,3659
维护,5485
仓单,685
退还,6461
退货,6460
单价,1527
毛利,4320
输出,6350
指向,3513
商品名称,1939
导出,2640
财源,6169
出发点,1234
纠砣,5394
公司总裁,1079
省政府,5016
发挥,1670
中旅,404
新华信,3787
独到,4731
工商管理,2751
硕士学位,5103
意味着,3231
领导者,6851
权力,4109
可操作性,1754
启发,1861
摩托罗拉,3634
课时,6110
搭建,3622
复印,2182
回传,1988
发觉,1689
最全,3979
发帖,1667
烦恼,4635
清华紫光,4534
典型,1135
可笑,1757
干什么,2825
发了,1653
师姐,2800
剩下,1366
难度,6744
企业顾问,749
蔡先生,5827
留住,4923
优秀人才,772
二人,540
架构,4167
面谈,6799
教导,3717
达成,6360
倾听,957
落实,5816
立场,5233
柯达,4182
索尼,5381
平安保险,2838
金蝶,6605
合影,1795
名片,1830
正版,4274
版权,4686
绝无,5473
虚假,5834
转载,6323
芫理,5757
最有,3991
直达,4997
一群,101
创造力,1309
大脑,2286
作品,859
大奖,2267
动力,1414
熟练掌握,4661
平面,2850
全职,1059
有意者,4018
再现,1159
长城,6644
华红兵,1509
奉献,2348
走出,6236
营销策划,5814
院长,6725
杰出,4148
金钥匙,6607
第一位,5257
荣誉,5789
酒业,6571
专著,294
万科,140
见证,5905
科特勒,5172
看待,5026
缺少,5509
国务院,2032
稽查,5215
委员,2420
金牌,6602
北京大学,1449
联合会,5629
评为,6025
首届,6900
策划案,5293
博览会,1556
健力宝,981
恒波,3188
贵州,6198
百事可乐,4959
地产,2085
终端,5437
疑问,4932
权利,4108
忠诚度,3129
效用,3707
转型,6317
深度,4520
一系列,94
蚂蚁,5837
引导,3001
第三种,5267
清除,4544
多久,2219
不良,253
鲜花,6973
冲动,1187
通路,6497
致胜,5723
从业人员,678
即日起,1580
确认函,5113
不算,251
七天,125
幸运,2869
市场经济,2786
人群,658
信息网,932
旨在,3877
桥梁,4223
土豆,2070
良机,5737
改版,3680
贴近,6195
请花,6095
数据安全,3743
网度,5521
公司员工,1077
传输,813
信息安全,927
知识产权,5075
机密,4094
网络资源,5539
证据,6023
弥补,3016
挽回,3539
之拢,481
圆榭础,2067
繁司,5391
泄漏,4399
聊天工具,5609
截获,3311
多方面,2235
底层,2914
过滤器,6368
不该,259
列入,1290
角色行为,5932
查寻,4173
海量,4490
消耗,4497
禁用,5148
序列号,2900
百拓,4966
上海地区,177
中山北路,397
绿洲,5494
座室,2925
臃梦饰,5688
颐堑,6854
脑袋,5679
革命,6800
反面,1651
主角,461
股东,5651
澳门,4604
开课时间,2987
培训网,2132
另行通知,1735
传真电话,810
黄先生,6981
此表,4281
共人,1108
人所任,641
打钩,3379
现金支票,4778
还好,6388
使命,872
企业形象,745
最准,3981
远远,6433
低于,828
前天,1353
不好意思,229
戒指,3302
送给,6464
王小姐,4745
邱先生,6544
困惑,2021
图表,2064
描述,3593
国企,2027
外企,2192
中层,394
多所,2234
客座教授,2574
确保您,5109
无误,3844
英雄,5781
一辆,109
好感,2394
看不到,5020
校内,4194
现代化,4764
装备,5876
高尚,6935
上学,170
义务,470
退学,6456
太大,2321
加油,1401
诚恳,6053
大三,2246
在读,2080
学位,2463
高考,6958
考上,5592
学期,2470
本校,4076
周年,1883
绝大多数,5469
指望,3520
看不起,5021
爱因斯坦,4666
价值观,726
初中,1310
品牌战略,1904
国贸,2046
工商银行,2752
变态,1719
重视,6593
指示,3524
预防,6842
力度,1373
防伪,6684
相比,5008
成就,3274
环球,4762
商人,1929
人物,655
自愿,5703
事务所,529
一段,78
同志,1812
眼里,5057
种种,5165
见解,5904
批判,3397
感慨,3246
和谐,1894
浩瀚,4468
无数,3831
融合,5841
是从,3929
视为,5924
众人,757
不安,230
家园,2596
覆盖面积,5901
甚广,4807
新策略,3800
西四环,5883
粤拢,5344
稚境,5212
想着,3223
一方,63
主意,450
剧情,1365
西班牙,5887
进展,6420
影片,3059
充实,1010
前段时间,1361
歧视,4288
卑鄙,1524
压抑,1597
爸妈,4677
嫂子,2438
平日,2842
我哥,3288
你家,869
很长,3078
大学毕业,2269
成人教育,3264
年级,2859
内向,1141
中信,365
做生意,974
发大财,1660
法院,4411
退休,6454
劳动合同,1428
涉及,4502
谨慎,6140
仲裁,723
放纵,3694
出击,1231
答案,5290
发泄,1677
情绪,3207
时常,3893
撒娇,3636
网管,5526
太贵,2326
耽误,5606
救援,3712
雇佣,6757
详见,6070
军事,1172
时报,3895
生物,4833
工商局,2750
儿童,993
基金会,2143
网络管理,5536
单机,1533
故障,3702
边缘,6356
初步,1315
生涯,4831
轮胎,6325
宁波,2483
华能,1511
业务管理,311
神马,5137
招标,3482
内控,1148
连锁店,6438
制药,1343
提纲,3606
华联,1510
深层,4519
困境,2020
德隆,3096
水泥,4339
长虹,6657
科龙电器,5176
国美,2045
天歌,2310
仓储,684
考勤,5593
烟草,4633
软件园,6329
整合营销,3756
建材,2939
毕马威,4319
波士顿,4413
饮料,6891
咨询机构,1899
涂料,4492
汇编,4355
战略性,3308
陕西,6721
中长期,423
新飞,3804
真相,5046
服务项目,4046
证券,6020
正好,4270
衣服,5854
舍得,5727
可不,1742
小孩子,2666
不小,231
多岁,2232
抛弃,3443
试图,6042
残酷,4292
事实,534
这时候,6402
只好,1739
从前,679
悲哀,3198
在意,2075
加深,1402
新生,3797
事物,538
成功人士,3267
百万富翁,4958
发贴子,1694
滚滚,4579
工资待遇,2768
做得好,969
年薪,2862
炒股,4622
富人,2621
高速公路,6964
倍增,948
越大,6267
快快,3132
定税,2527
代开代开,699
不休,209
今日,673
采访,6578
透露,6482
性感,3159
舞台,5730
自制,5692
街头,5852
损坏,3543
响应,1911
事故,537
仪器,719
培训部,2135
留位,4922
复印件,2183
驱鼠器,6915
庆瑞,2898
频频,6858
可调,1761
饭店,6890
场合,2104
功率,1391
高宽,6934
指示灯,3525
频率,6855
觉察,5928
擅自,3640
产品质量,601
保修期,898
破坏,5101
智商,3951
需要的话,6771
燃眉之急,4662
一届,52
圈子,2068
哥们,1913
那段,6528
背叛,5663
携手,3626
吃惊,1774
规矩,5920
一顿,120
新娘,3792
做爱,973
墨尔本市,2161
英国公司,5773
核准,4205
多谢您,2241
我爱你,3295
之下,473
扎实,3355
吃苦,1775
北美,1456
需求量,6769
真实性,5039
紧密,5384
墨西哥,2163
情报,3205
进口商,6419
开发新,2966
情形,3203
扩张,3390
苦于,5769
几家,1219
手里,3353
资质,6217
依赖,888
差距,2776
威胁,2426
条例,4128
职能部门,5625
用人单位,4841
处罚,2175
阐述,6681
加班,1403
官员,2513
华南地区,1499
法律法规,4407
现任,4766
案件,4216
五天,564
从根本上,682
原价,1602
处分,2171
几百万,1224
主席,449
当日,3036
出项,1255
超大,6256
机会难得,4088
音乐,6807
爱好者,4668
开创,2960
浪潮,4470
室友,2588
爆发,4663
国内机票,2030
目的地,4990
三亚,149
福州,5150
机票,4101
大阪,2295
洛杉矶,4435
迪拜,6443
台北,1767
法兰克福,4401
有效期,4019
李敖,4118
镜头,6642
地上,2081
战争,3305
月薪,4001
排行榜,3557
山西,2728
背后,5664
神秘,5134
组图,5421
肩膀,5659
行宫,5848
巨人,2771
少年,2685
男子,4911
走过,6242
艰辛,5738
女子,2370
报复,3454
自杀,5705
主人,442
小女孩,2661
门口,6661
建成,2938
小区,2659
症状,4946
大街,2287
制服,1339
激动,4606
看法,5029
海尔集团,4482
大会,2255
中高层,425
积极性,5188
营业额,5808
超常规,6259
精髓,5365
脱颖而出,5683
制胜,1342
一个个,3
蛋糕,5838
蒙牛,5822
吉利,1806
心智,3107
本质,4085
防治,6687
五项,569
管理工具,5325
含义,1853
日清,3867
学问,2479
六大,1098
打破,3376
管理层,5323
金字塔,6598
根源,4211
不争,208
曾任,3973
咨询师,1897
实战经验,2547
院校,6723
做过,976
著作,5817
复习,2180
睡不着,5062
这话,6410
读博,6103
回国,1992
人能,659
制约,1341
人大,634
自私,5710
通讯地址,6493
薪水,5831
深刻,4511
报纸,3457
长时间,6650
职员,5620
办公自动化,1381
协同,1519
弹性,3018
流通,4455
有序,4013
消除,4501
团队精神,2019
信息技术,928
搞笑,3620
一向,34
开口,2968
商贸网,1956
说服,6083
照明,4654
室内,2587
黑暗,6988
物美价廉,4703
使用方便,873
看书,5023
重量,6594
货款,6181
运费,6380
银行卡,6625
网赚,5540
非常适合,6784
美圆,5558
强制,3019
有趣,4027
几位,1209
百分比,4960
限额,6720
发来,1676
从小到大,680
就让,2692
共同努力,1110
本文,4073
改为,3676
一是,67
二是,548
西方,5886
层面,2705
老总,5587
负担,6150
万个,130
上周,168
课件,6107
电气,4882
理财,4800
折扣,3440
人次,651
音像,6808
生涯规划,4832
商务礼仪,1934
财务人员,6158
低价,829
显得,3932
孤独,2458
中央,387
目光,4986
发育,1685
皮肤,4969
花生,5762
鸡蛋,6974
肚子,5650
宝宝,2531
物质,4704
肯德基,5661
水果,4338
春节,3925
遗憾,6513
感冒,3239
夫人,2330
药品,5791
远离,6430
液晶,4504
责怪,6175
讲究,5994
安静,2498
一首,122
糟糕,5368
做起,975
游泳,4566
婴儿,2433
制成,1338
平静,2849
借口,950
全资,1061
高档,6944
留学生,4927
携带,3624
起步,6249
两位,333
广交会,2879
第届,5280
出口商品,1236
展馆,2725
纺织,5413
服装类,4049
消费品,4499
展期,2720
一期,69
二期,549
鞋帽,6803
珠宝,4784
展品,2717
官方网站,2515
折腾,3442
没见,4385
没想到,4381
题材,6859
司机,1772
纠缠,5395
勉强,1431
学到,2465
难点,6745
晋升,3936
职业生涯,5614
承担,3408
结论,5464
关联,1121
愿望,3254
礼物,5119
批评,3400
研究生院,5097
特邀,4722
重工,6587
公路,1095
残忍,4291
微笑,3090
翔实,5573
抗芾,3436
宝典,2529
这套,6397
读书,6102
他家,689
精力,5347
这件,6393
还给,6389
坚信,2113
七年,126
陌生人,6714
人际关系,663
立志,5234
高水平,6945
日趋激烈,3875
成功者,3270
持久,3501
招生,3483
通知书,6491
李老师,4120
当代,3030
民营企业,4328
企业信用,743
巨头,2772
不准,215
盲目,4992
选拔,6472
不清,243
不高,265
操作能力,3646
人格,650
企业界,746
形势,3044
氛围,4333
日报,3862
组委会,5422
教练,3723
会计师,792
特聘,4718
签约,5301
课程名称,6113
职称,5623
交费,589
电汇,4883
周四,1882
教材费,3721
厂长,1589
地球,2098
班组长,4789
职业技能,5613
询问,6062
误区,6075
顾问公司,6831
外资,2210
成人,3263
受训,1712
满意度,4581
奇瑞,2346
申请表,4857
挂历,3505
软件产品,6328
踏实,6294
心中,3097
执着,3386
希锐,2805
二日,546
中餐,424
获赠,5802
生产型,4813
交货期,588
伴随,825
微利,3087
重任,6583
频繁,6856
同级,1819
激发,4608
主动性,447
责任心,6173
奥秘,2362
三呆,151
适宜,6468
暴露,3963
目视,4991
实质,2556
产出,594
柔性,4171
缩短,5505
交期,579
布置,2794
化解,1446
负荷,6151
换型,3549
预防性,6843
平衡点,2848
测定,4457
八大,1066
支柱,3654
慢性,3255
保养,901
上下级,162
任职,736
很强,3073
升华,1481
跟单员,6278
推崇,3585
猎头,4737
陶瓷,6728
光学,1020
器材,1975
家具,2594
印刷厂,1571
中型,384
全自动,1060
梦寐以求,4225
牡丹,4694
一阵,118
我用,3296
心爱,3109
整整,3759
不爱,244
半个,1486
力气,1374
转身,6322
机房,4095
迷茫,6447
帅哥,2796
做饭,977
计较,5961
克制,1026
证书费,6018
可帮,1748
中高级,426
市场部,2788
那句话,6524
王朝,4747
新世纪,3781
长安,6647
人均,632
旅行社,3818
应变能力,2905
胶囊,5672
意外,3232
五种,566
下雨,206
英特尔,5779
光明,1021
公众,1071
同情,1814
团结,2016
快速反应,3139
家属,2599
栽颉,4213
跨国企业,6283
组建,5423
不说,260
承担责任,3409
是否是,3930
月饼,4002
科龙,5175
部长,6556
最受,3983
这么久,6391
媳妇,2436
不住,210
头脑,2343
风暴,6869
计分,5949
二元,541
高绩效,6957
蔡巍,5828
一再,17
畅销,4919
人力资本,626
原创,1604
制衣,1344
广西,2894
水电,4340
数十家,3735
新疆,3799
数百人,3746
研究所,5095
观察,5911
敬业精神,3730
动手,1416
细致,5432
合格者,1798
中国科学院,378
中山大学,398
联泰,5634
淘汰,4507
承办,3406
南昌,1548
南宁,1545
装置,5878
事务管理,530
简化,5307
提高效率,3611
关务,1114
不当,235
关税,1119
口岸,1724
损耗,3546
料件,3777
保税,909
返修,6384
充分利用,1009
质疑,6184
退税,6458
周先生,1877
从业,677
疑难,4933
亲身经历,617
没人,4377
洗衣服,4433
下车,202
小家伙,2667
叔叔,1703
大人,2253
专业性,272
短短,5082
前景,1358
一大,41
国民经济,2040
特许,4720
发达国家,1697
现成,4772
富裕,2625
营业执照,5806
新鲜,3805
审查,2567
尊严,2652
应付,2904
丢失,330
应收,2908
关怀,1116
售前,1920
全员,1044
安防,2497
江湖,4363
无忧,3826
过分,6361
诱惑,6077
一次次,75
五年,565
前途,1363
节日,5750
档次,4222
动作,1413
神话,5136
信仰,914
像是,990
偷偷,985
开车,2988
修养,942
房租,3323
看成,5027
声称,2167
昨晚,3928
投资者,3434
票房,5143
暧昧,3961
心底,3100
老妈,5580
发脾气,1686
奖品,2353
维生,5487
就够,2689
我来,3293
持续性,3504
威力,2424
休假,754
单次,1534
出车,1252
演出,4589
作家,860
版税,4688
金庸,6601
存款,2451
利息,1321
加盟店,1406
见过,5907
看中,5022
发明,1674
几分,1210
发明者,1675
赚取,6223
外表,2206
患者,3193
电击,4860
振华,3538
兴隆,1130
好不好,2379
难过,6746
男性,4914
分数,1268
接近,3575
高于,6931
两性,342
特质,4721
好友,2387
哈佛大学,1908
笔记,5250
客房,2582
营业,5804
抽奖,3470
公共,1072
充足,1012
开学,2972
传达,814
助理,1423
文学,3768
交款,580
试验,6049
赞助,6229
正规,4276
大中型,2249
八月,1067
昨天晚上,3927
小事,2656
睡着,5064
紧紧,5387
滋味,4577
收拾,3666
认错,5976
邮本,6538
戴泽,3313
神州,5132
出身,1251
日军,3854
队员,6683
东北,320
得意,3084
前两天,1351
恐惧,3186
华实业,1501
修理,946
验明,6920
以备,714
货运,6183
消毒,4495
办证,1387
纪念日,5403
资格证书,6212
职业经理,5615
六天,1099
职业化,5612
胜任,5669
生动活泼,4819
形式系统,3047
促使,893
转变观念,6316
高等教育,6951
后卫,1837
前峰,1355
相差,5004
忙乱,3125
双即,1636
一队,117
一千个,25
两千,334
条心,4129
变来变去,1721
赶不上,6245
无权,3834
无事,3820
计分卡,5950
任命,732
追随,6453
戒律,3301
装在,5875
一只,29
麻袋,6980
误解,6076
十一,1467
十二,1469
列举,1289
签署,5302
福田区,5154
阴影,6696
抢注,3444
仅限,672
信念,922
度过,2923
艰难,5739
好久,2381
反思,1647
上交,164
初级,1316
数学,3739
内在,1142
情侣,3201
女博士,2367
冷漠,1195
理工科,4791
挣扎,3535
开玩笑,2982
羡慕,5570
名校,1829
佩服,870
扪心自问,3392
无助,3823
沮丧,4388
该不该,6063
实际上,2560
谈话,6134
元起,1006
宋体,2499
店面,2917
太高,2329
进货,6425
利用网络,1324
早起,3885
清新,4536
心目,3116
丧失,348
天才,2306
道德,6509
不肯,252
其间,1133
我能,3298
班上,4787
科学家,5168
绳子,5482
双手,1639
异性,2997
懒得,3260
词汇,6039
广义,2878
来往,4137
好人,2383
干脆,2831
植物,4234
嘲笑,1972
很多年,3068
一代,7
造就,6504
先是,1013
表演,5863
烟酒,4634
总统,3179
词典,6038
注意力,4423
智力,3950
任性,733
痊愈,4947
做人,965
经纪人,5449
在职,2079
自考,5711
不太,226
国庆,2038
没用,4383
恋人,3183
一道,112
伤心,820
结局,5459
心意,3106
强迫,3028
键盘,6640
漂亮,4585
心想,3105
万万,129
答复,5288
座位,2924
水晶,4336
精致,5361
小店,2670
挑选,3532
店铺,2915
对话,2633
耳机,5605
信诚,940
数码产品,3750
炫耀,4623
好奇,2392
带有,2813
机型,4093
惊人,3209
窝里,5231
稍微,5198
舒适,5729
跑步,6275
太小,2323
时刻,3891
高校,6943
时机,3897
印象,1575
在校,2077
潇洒,4595
化妆品,1441
名牌,1831
独特,4734
社会各界,5124
市场推广,2784
一手,59
有助于,4010
发信站,1656
不理,246
大海,2277
面子,6792
自习,5690
没法,4382
穿着,5226
脑子,5678
家庭教育,2601
育人,5662
教育网,3725
中鼎,427
率先,4741
永恒,4343
教育部,3726
信息管理,930
管理费,5331
服务费,4044
返利,6385
首批,6902
客户端,2579
集体,6750
亿美金,670
多名,2228
一分,18
校长,4200
实业公司,2537
专卖店,282
农村,1176
社交,5121
捐款,3540
一丝,1
领导小组,6850
创作,1300
身高,6304
大方,2275
哈哈哈,1909
风云,6864
显摆,3933
鉴定,6610
坚定,2114
正面,4277
全身,1062
穷人,5217
差点,2775
波导,4414
十个,1468
太平洋,2324
走路,6241
不吃,220
铃铛,6622
幼稚,2872
大胆,2285
品味,1902
大牛,2279
钞票,6613
做个,963
姐妹,2415
一下子,0
型号,2120
牌子,4690
礼貌,5120
洗澡,4432
一到,22
狠狠,4729
迪基,6442
江浙,4362
因在,2011
古海斌,1731
定做,2521
过生日,6369
送礼,6463
交货,587
体贴,849
版上,4681
请教,6088
补偿,5855
组装,5425
时光,3890
加收,1400
中译,420
泰国,4428
马来西亚,6913
另议,1736
暑假,3956
一见钟情,104
真爱,5043
华达,1512
财经,6171
盛会,4984
出席,1243
共识,1113
证券市场,6021
财务总监,6160
议题,5984
回流,2006
聘请,5644
康佳集团,2927
提起,3607
企业邮局,747
合租,1801
谈谈,6135
尽力,2696
早点,3884
产量,604
戴明,3312
资本运作,6210
飞利浦,6877
实达,2559
海信,4473
慧聪,3257
喜之郎,1963
资料库,6207
源泉,4575
灵感,4618
橄樽萄,4252
试用装,6046
挑剔,3530
单身,1540
法国,4403
课前,6108
制程,1340
切换,1285
看板,5028
折回,3439
赢取,6234
引发,3000
年前,2854
跳槽,6293
应届,2907
英才网,5775
雇员,6758
理性,4793
职业规划,5616
这方面,6401
本科毕业,4080
专科,291
这位,6395
民工,4325
日元,3853
买个,505
图书馆,2057
范围广,5783
调试,6127
上门服务,190
一月,68
安徽,2489
辽宁,6357
内蒙古,1153
云南,555
江西,4365
皮革,4970
饰品,6893
广告设计,2886
家用电器,2606
矿产,5086
能源,5676
五金,567
影视,3060
蜡烛,5839
配方,6567
生产工艺,4814
保健,899
调制,6117
人造,660
防水,6686
地面,2103
西红柿,5889
瓷砖,4804
一根,72
今晚,674
男孩,4912
说不定,6078
谈不上,6129
这项,6413
幸好,2867
抬头,3464
和平,1893
山东省,2727
各市,1779
主管部门,458
省直,5017
加快,1397
我省,3297
全省,1057
评选,6034
咖啡,1895
之外,479
短时间,5080
邮电,6539
报考,3458
关键时刻,1124
志愿,3123
引用,3003
拉斯维加斯,3473
米兰,5337
春季,3923
秋季,5163
家庭用品,2602
墨尔本,2160
展月,2719
纺织品,5414
投票,3430
运输业,6382
此致,4280
护肤品,3447
活性,4438
黄色,6983
广泛应用,2892
新生事物,3798
非要,6786
保健品,900
电视剧,4895
写给,1171
美其名曰,5555
想不到,3216
不菲,254
尸体,2694
部队,6559
买房子,511
中意,400
天堂,2302
南华,1544
大礼,2282
回收,2004
一股,102
七月,127
恐龙,3187
仿佛,739
怀念,3144
工科,2757
商会,1930
中华人民共和国,373
所有人,3332
对手,2629
喝茶,1968
干嘛,2828
聊聊,5610
税票,5210
长得,6648
竞赛,5244
信赖,941
一对一,49
不爽,245
谈论,6133
一眼,88
有事,4004
谈过,6136
花心,5761
年纪,2860
很深,3075
多一些,2215
换个,3547
家里人,2609
感激,3249
生产流程,4816
职业道德,5617
落后,5815
混乱,4527
通过培训,6498
路子,6288
出货,1250
一目了然,86
素养,5378
通俗易懂,6484
心理学,3113
挂钩,3508
公正,1091
缝制,5504
法宝,4404
收尾,3664
养成,1136
字典,2444
沈老师,4370
国家级,2036
心理咨询,3112
心理压力,3111
真不知道,5035
苦恼,5770
一门,115
很差,3072
哥哥,1914
城里,2123
财政,6168
依旧,886
生活费,4830
伤口,818
抵抗,3468
备用,2179
金石,6603
产品图片,597
风采,6872
拼命,3496
听见,1858
星星,3918
无缘,3838
刻意,1350
工学,2753
惠普公司,3213
上海贝尔,179
诺基亚,6100
商务谈判,1936
感想,3245
紫荆,5388
请速,6097
餐饮业,6889
运做,6374
法律责任,4408
或贵,3304
刘伟源,1293
牵手,4708
失落,2337
延长,2934
头疼,2341
违反,6434
快点,3136
食物,6886
这家,6398
补助,5857
税前,5199
节点,5751
着手,5061
坚强,2115
老天,5579
温和,4548
开具,2958
一趟,106
会展,789
发布会,1666
琥珀,4801
瞳孔,5069
服务部,4045
特有,4716
稳定性,5214
昏迷,3912
安全感,2487
头上,2339
胸部,5673
心疼,3114
大片,2278
手术,3341
服用,4047
病人,4943
阴道,6698
修复,943
口气,1726
警方,5948
派出所,4445
操作手册,3644
拥抱,3488
第一年,5259
事业部,523
裁员,5873
获得成功,5800
摩托,3633
期权,4057
系统管理,5375
基础知识,2141
伊利,753
华东,1492
口服液,1725
精耕,5360
细则,5428
花城,5760
青岛市,6776
柳州,4183
养生,1137
凤凰,1228
洗衣机,4434
保险公司,912
店长,2916
哲理,1917
商用,1951
家境,2597
拿来,3500
几十年,1213
舅舅,5725
要钱,5899
借钱,952
奢望,2360
触摸屏,5942
一副,23
有名,4011
诚聘,6056
本科生,4081
起码,6251
专业课,276
牛人,4691
推研,3587
试题,6048
不用说,248
传染,806
相爱,5009
骑车,6924
接送,3576
最美,3994
上车,188
屁股,2703
文科,3774
中专,359
学分,2464
授予,3551
我校,3294
个人简历,353
疲惫,4940
配额,6570
丈夫,147
公婆,1084
恶心,3191
真心,5041
问候,6670
生日快乐,4826
偶然,984
惊讶,3211
香水,6907
库存量,2903
缘分,5503
沉默,4372
杀人,4103
医学,1460
移植,5193
色情,5742
青少年,6774
曾多次,3974
获奖,5799
一颗,121
列车,1292
蓝天,5824
活力,4436
拯救,3493
豆豆,6142
筹备,5298
留言本,4930
文献,3773
总会,3168
清澈,4540
身材,6302
月亮,3995
辅导员,6343
商学院,1943
硕士生,5104
荷兰,5794
促进会,894
公共关系,1073
四天,1978
浮躁,4472
代表性,706
迟疑,6439
思想斗争,3152
过长,6371
迟迟,6440
硬币,5106
离婚,5156
运气,6376
追悔莫及,6449
强劲,3021
发展势头,1662
揣摩,3613
值不值得,953
优质产品,775
高额,6967
意想不到,3234
市场价,2782
灌水,4613
大头,2266
所在地,3326
多一点,2216
攻击,3684
赞同,6230
无论如何,3841
班级,4788
校友录,4196
理智,4795
师妹,2799
毛病,4322
市政府,2790
热忱,4637
法人,4400
大楼,2276
领证,6853
莫名其妙,5795
空缺,5221
钱包,6619
收藏,3672
禁书,5146
彩图版,3050
开卷,2962
海元,4474
现价,4765
名蝗,1834
李女士,4114
生活习惯,4829
松鼠,4150
无耻,3839
中产阶级,363
忍受,3122
过后,6362
欺负,4264
名花,1833
懒懒,3261
风雨,6875
回头,1994
人有,648
友谊,1634
设在,6005
集成电路,6755
学士,2468
天空,2318
分钱,1281
惩罚,3214
切断,1286
鲁迅,6972
绝望,5474
九寨沟,494
黄龙,6987
双飞,1644
车费,6308
一日游,66
出团,1239
日出,3855
温泉,4554
漂流,4586
清远,4542
北江,1453
二天,543
河源,4392
丹霞山,434
瀑布,4612
双卧,1635
张家界,3009
黄山,6982
四飞,1986
大理,2280
丽江,467
四星,1982
吐鲁番,1847
乌市,486
漓江,4588
内河,1150
须知,6827
游客,4562
拒收,3475
包团,1435
没能,4384
植物园,4235
废弃,2919
地步,2096
谈到,6131
研二,5087
嘉年华,1971
包月,1438
到期,1330
接入,3564
一号通,31
病症,4945
场景,2107
价钱,729
本能,4084
之上,472
崇拜,2733
留给,4928
妻子,2413
快感,3133
嫁给,2437
猪猪,4738
流氓,4448
丰满,429
品位,1901
言论,5944
忍不住,3121
个子,355
这辈子,6411
乱七八糟,514
在手,2076
颁布,6833
书店,502
星座,3917
事后,532
大声,2264
被誉为,5872
古代,1730
逛街,6500
箱包,5334
灯光,4617
主营,460
警告,5946
性爱,3161
憧憬,3258
忧伤,3130
不见,256
一两个,2
建安,2937
按摩,3527
奶粉,2378
住院,840
年内,2852
孟买,2455
前来,1360
交流会,583
日程安排,3870
珠三角,4783
专场,284
精典,5346
周三,1874
六楼,1102
七楼,128
长途电话,6660
老乡,5575
月经,4000
嘴里,1973
晚会,3938
老子,5582
一楼,73
乖乖,491
可爱,1755
中秋,410
当作,3031
无比,3835
一点一点,82
赚大钱,6224
手机用户,3345
税收政策,5205
优质服务,776
环氧,4760
地坪,2091
电讯,4897
第四届,5279
电镀,4905
万平方米,138
参展商,1624
会刊,782
出生年月,1247
恐怖,3185
单片机,1535
传感器,802
主编,459
喜好,1964
录用,3041
货代,6179
争执,518
裤子,5881
睡衣,5065
鞋业,6802
洽谈会,4444
双向,1638
友好,1631
交往,572
技术培训,3416
比天,4311
原版,1610
发展部,1664
备份,2176
大盘,2281
看好,5025
路径,6289
有缘,4026
天上掉,2297
馅饼,6895
想像,3217
物质财富,4705
欧盟,4261
有毒,4022
有害物质,4012
罚款,5550
电子信息,4867
技术壁垒,3417
壁垒,2164
豁免,6141
封装,2648
潮敏,4600
回流焊,2007
波峰焊,4415
重在,6585
焊接,4648
焊料,4649
粒径,5343
形状,3048
助焊剂,1422
腐蚀,5686
湿润,4572
技术指标,3418
焊点,4650
大厂,2258
电子厂,4869
工程部,2762
数家,3740
肌肤,5649
奉献给,2349
赠送给,6232
香料,6906
色素,5744
成分,3265
呵护,1891
卸妆油,1584
易于,3913
冲洗,1188
滋润,4578
滋养,4576
化妆水,1442
焕采,4651
色斑,5743
免费邮箱,1033
伟盛达,799
风趣,6871
打架,3373
壮大,2165
大中城市,2250
装潢,5877
携带方便,3625
空闲,5224
中东,360
主讲人,463
复旦大学,2186
全天,1047
多人,2220
克服,1027
不可否认,218
普通人,3943
只想,1740
带领,2817
小姑娘,2663
好不容易,2380
汇满,4353
中介,364
偏差,962
专一,266
婚后,2430
来回,4136
一夜,40
托付,3380
香片,6910
处女,2172
夫妻,2331
猫猫,4739
照样,4655
车子,6306
妥协,2411
一切都是,21
地带,2093
阿甘,6702
引资,3004
包容,1436
斤斤计较,3779
人元,624
出团元,1240
中层干部,395
复合,2184
价元,727
冷却,1194
伴侣,824
向往,1851
遥远,6515
中医,370
见效,5903
疗法,4936
疗效,4935
主板,453
老爸,5589
总纠,3177
市场总监,2783
见长,5908
感悟,3243
华澳,1508
中汽,409
华展,1502
中科,412
中化,369
启明星,1862
联邦快递,5643
奥林巴斯,2361
天津市,2315
表情,5861
受不了,1706
早已,3880
专兼职,279
认真负责,5973
写下,1165
院系,6724
科研单位,5174
每张,4303
周润发,1888
楼室,4238
造血,6505
暴力,3962
公务员,1075
风度,6866
自学,5698
陆续,6705
凭着,1229
两张,341
同类,1818
高等院校,6952
开办,2961
有机,4021
念头,3140
深深地,4524
实实在在,2544
之际,485
京城,609
顺利进行,6821
宽容,2612
弟子,3006
皓月,4968
各省市,1781
工行,2765
淹没,4529
甚少,4806
盛况空前,4985
国家补贴,2037
华南,1498
投放,3428
竭诚,5246
牛仔裤,4692
亲密,613
极品,4154
强奸,3025
乳房,515
领略,6852
一头,44
千元,1480
玩家,4751
冠军,1179
那次,6527
眼神,5056
指责,3526
校外,4198
透过,6481
告别,1869
争吵,516
扭曲,3394
哭泣,1915
冷静,1196
正交,4268
变异,1717
主导,448
反抗,1649
长江,6654
高素质,6954
养肝,1138
失眠,2336
适用人群,6470
体内,842
调动,6118
副作用,1368
治愈,4395
疗程,4937
总代,3166
竞价,5243
鄙视,6562
海城,4479
兰州,1104
物业,4696
价位,724
事业心,522
写信,1167
数以万计,3733
专项,297
地血寒,2100
比天风,4312
流泪,4449
无尽,3825
唱歌,1924
系里,5377
商检,1950
海龟,4491
股改,5654
大于,2252
明睿,3909
友情链接,1633
海底,4483
好玩,2398
新东方,3782
飞天,6878
征友,3064
荣幸,5787
柯尼卡,4180
一口,27
胖子,5667
印制,1569
每件,4297
美容院,5562
越南,6265
武侠,4285
语气,6071
警察,5947
幼儿园,2871
革新,6801
评鉴,6035
立法,5235
国际品牌,2049
埋怨,2121
实际行动,2562
口译,1728
打听,3364
设位,6004
你别,867
怀里,3146
不懂事,240
屋子,2709
亲切,612
生产厂家,4812
高中同学,6930
年初,2853
闹别扭,6678
早早,3881
带宽,2812
选购,6476
康特,2930
老实,5583
安规,2494
林小姐,4162
彭小姐,3054
注定,4421
平凡,2833
长存,6646
现实生活,4769
刘德华,1295
透彻,6478
出轨,1253
首富,6899
撒谎,3637
高超,6961
甜言蜜语,4809
心仪,3098
模仿,4243
俄罗斯,896
定于,2517
两点,345
爱过,4673
内疚,1152
师傅,2797
阿姨,6701
不合理,222
聚集,5647
失恋,2333
敌人,3710
仪表,721
安越,2495
专业培训,271
企管,752
热水器,4639
分析方法,1271
困扰,2022
霍尼韦尔,6773
煤炭,4653
外包,2194
买点,513
姑娘,2418
保安,904
降温,6718
温度,4551
良心,5736
当成,3035
复试,2187
不像,214
打动,3360
紧凑,5383
很漂亮,3076
各行各业,1784
直播,4993
杯子,4147
都行,6561
糖尿病,5367
血糖,5844
手脚,3351
溃疡,4573
好转,2401
胰岛素,5671
酒吧,6572
深圳大学,4516
继电器,5479
湿度,4571
纳闷,5410
生育,4836
相貌,5012
节奏,5749
软件产业,6327
上司,167
万丰源,131
郑生,6550
人际沟通,664
操守,3647
地为,2084
奖项,2356
西瓜,5888
暗疮,3959
疲劳,4939
足球,6273
写真集,1170
专辑,295
上床,174
篮球,5336
粉碎,5342
代言人,707
医疗器械,1463
茶叶,5784
化妆,1440
美食,5569
罗马,5549
巧克力,2770
敦煌,3729
奶奶,2377
上天,169
勤劳,1432
书页,504
不锈钢,262
互利互惠,556
短信息,5079
维系,5488
十足,1478
软件测试,6331
烟台,4632
北海,1454
西宁,5884
单去,1531
支援,3652
十余年,1471
周二,1875
历年,1592
减压,1202
毛毛,4321
成败,3282
亿虎,671
十多家,1473
这要,6409
助考,1424
远方,6429
多变,2227
部件,6552
防静电,6693
传授,803
震撼,6772
优雅,777
会员价,786
林国梁,4160
资助,6205
监狱,4977
气体,4330
那份,6522
真得,5040
辛辛苦苦,6353
大夫,2265
小小的,2668
罗嗦,5547
小猪,2680
托住,3381
胖胖,5668
点评,4631
系统分析,5372
知识分子,5076
宗教,2510
客户群,2580
田口式,4851
判定,1319
高科,6947
凌空,1201
排队,3558
广通,2895
汇集,4356
全场,1046
无非,3849
最深,3992
双双,1637
深情,4521
一粒,93
通道,6499
冰雪,1185
接通,3577
小巧,2669
选用,6474
税款,5206
坟墓,2116
铁雁,6621
共个,1106
网络系统,5537
发帖子,1668
医药网,1465
工具书,2747
绝大部分,5470
思科,3153
端口,5247
路由器,6290
录象,3042
外校,2201
宣传员,2586
军训,1173
车载,6309
闲聊,6676
外出,2193
调情,6120
间接,6677
之恋,480
姑姑,2417
二日游,547
延期,2933
强效,3026
未经,4063
果实,4165
桌子,4219
一个多月,4
参课,1628
斜对面,3778
喜悦,1965
南瓜,1549
存量,2453
跨部门,6286
下属单位,196
受其,1708
韦小宝,6805
多半,2226
中秋节,411
考试内容,5600
上限,191
牛顿,4693
下定决心,194
打球,3374
菠萝,5803
贝利,6148
请留下,6094
我方,3292
一匹,24
华为公司,1494
任正非,735
中国高科,383
国王,2041
公主,1070
学生证,2475
文员,3766
储存,988
极佳,4152
探险,3563
来个,4131
期货,4058
昌隆,3902
食宿费,6885
部属,6554
样例,4201
短线,5083
黑马,6991
顺通,6826
林家,4161
处女膜,2173
迷幻药,6445
逼真,6507
药水,5792
需一,6765
防身,6692
棉花,4231
年终,2861
万伏,133
歹徒,4289
防爆,6689
钢板,6615
计算机科学,5958
主题词,466
传播网,805
魔卡,6969
经商,5441
天朗,2307
指派,3523
香蕉,6911
村里,4124
一族,64
平方,2840
村民,4123
守信用,2484
洗完,4431
赏赐,6220
印发,1573
九月,495
仪式,720
亿个,666
魔鬼,6970
成龙,3285
开本,2980
同等,1817
建立健全,2942
节税,5754
外商投资,2196
服务体系,4038
速递,6502
诺言,6101
辞退,6355
小熊,2678
薄膜,5830
税法,5207
表彰,5860
评委,6029
粤泰,5345
汉光,4357
查厂,4172
环氧树脂,4761
精密,5350
论丛,6001
登入,4950
环境温度,4758
选课,6475
周星驰,1885
康明斯,2929
党政机关,1036
宗教信仰,2511
验厂,6918
下限,205
挂号,3506
波罗,4416
发电机,1681
高温,6946
杨益明,4145
贵宾席,6197
工控,2755
贸易通,6202
教官,3715
国际象棋,2054
审核员,2569
通宝,6488
以底,715
操盘,3648
天富,2304
实盘,2554
股评,5658
个股,358
盘中,4982
仓位,683
抓住机遇,3425
采摘,6576
傅彪,986
陈静,6712
八趣,1068
网上支付,5515
绝好,5471
寄到,2618
马先生,6912
脚干,5681
脚裂,5682
迷足,6448
暖足液,3957
元万,994
鹏辉,6975
有余,4007
维修中心,5484
本系,4083
瘦小,4949
万网,141
多场,2229
液晶屏,4505
门户网,6664
自驾游,5715
比尔,4313
浙备,4466
市价,2780
米粒,5338
派头,4446
洁具,4430
游人,4561
布鲁诺,2795
提桶,3604
汇算,4354
清缴,4541
决算,1193
交易方式,578
双面,1643
中奖率,389
陈生,6711
非关键,6782
接线,3573
联丰,5627
郭晓明,6560
豪华团,6145
芒果,5756
大中华,2248
日天,3858
现货,4776
让利,5980
日盘,3869
涨停板,4503
报收,3456
鲁信,6971
及本,1630
十二日,1470
传统产业,812
温湿度,4555
低压配电,830
计算机房,5957
除湿,6726
设定值,6008
环境湿度,4759
子表,2441
务虚,1412
妃子,2408
版大,4684
小毒,2676
王斌余,4746
祝贵司,5130
酒店客房,6574
合展,1793
毛绒,4323
人富,636
工作坊,2740
被管理者,5871
折元人,3437
盆景,4971
老耶,5590
网销,5542
丰策,431
英德,5774
宝晶宫,2532
客户机,2578
二百个,551
会予,781
住满,839
离店,5157
团月,2015
游线,4567
地下河,2083
两日游,343
棋盘,4232
元斤,1003
中产,361
中产者,362
北疆,1455
日逢,3876
发团元,1659
日组,3872
触点,5943
折去,3438
王垠,4744
营业人员,5805
回折,2001
优必特,764
港丰,4557
